time_step,nodes,illicit,licit,unknown
1,7880,17,2130,5733
2,4544,18,1099,3427
3,6621,11,1268,5342
4,5693,30,1410,4253
5,6803,8,1874,4921
6,4328,5,480,3843
7,6048,102,1101,4845
8,4457,67,1098,3292
9,4996,248,530,4218
10,6727,18,954,5755
11,4296,131,565,3600
12,2047,16,490,1541
13,4528,291,518,3719
14,2022,43,374,1605
15,3639,147,471,3021
16,2975,128,402,2445
17,3385,99,712,2574
18,1976,52,337,1587
19,3506,80,665,2761
20,4291,260,640,3391
21,3537,100,541,2896
22,5894,158,1605,4131
23,4165,53,1134,2978
24,4592,137,989,3466
25,2314,118,476,1720
26,2523,96,421,2006
27,1089,24,182,883
28,1653,85,199,1369
29,4275,329,845,3101
30,2483,83,441,1959
31,2816,106,604,2106
32,4525,342,981,3202
33,3151,23,418,2710
34,2486,37,478,1971
35,5507,182,1159,4166
36,6393,33,1675,4685
37,3306,40,458,2808
38,2891,111,645,2135
39,2760,81,1102,1577
40,4481,112,1099,3270
41,5342,116,1016,4210
42,7140,239,1915,4986
43,5063,24,1346,3693
44,4975,24,1567,3384
45,5598,5,1216,4377
46,3519,2,710,2807
47,5121,22,824,4275
48,2954,36,435,2483
49,2454,56,420,1978
