seed,model,feature_set,n_heldout,threshold,n,n_illicit,aucpr,precision,recall,f1,fpr_licit,fnr
0,xgboost,all165,4721,0.4547705352306366,4721,444,0.9907120338471296,0.9724770642201835,0.954954954954955,0.9636363636363636,0.0028057049333645077,0.04504504504504504
0,gcn,all165,4721,0.5440317392349243,4721,444,0.5476588665140356,0.676923076923077,0.1981981981981982,0.30662020905923343,0.009819967266775777,0.8018018018018018
0,graphsage,all165,4721,0.8024997711181641,4721,444,0.9350096300352249,0.8540305010893247,0.8828828828828829,0.8682170542635659,0.015665185877951834,0.11711711711711711
1,xgboost,all165,4721,0.5352013111114502,4721,444,0.9939535606606063,0.9930232558139535,0.9617117117117117,0.977116704805492,0.0007014262333411269,0.038288288288288286
1,gcn,all165,4721,0.7732345461845398,4721,444,0.9116500033211121,0.8127659574468085,0.8603603603603603,0.8358862144420129,0.020575169511339725,0.13963963963963963
1,graphsage,all165,4721,0.8116036057472229,4721,444,0.9557967184037994,0.9314420803782506,0.8873873873873874,0.908881199538639,0.006780453588964227,0.11261261261261261
2,xgboost,all165,4721,0.38199806213378906,4721,444,0.9934413237551936,0.9815668202764977,0.9594594594594594,0.9703872437357631,0.0018704699555763386,0.04054054054054054
2,gcn,all165,4721,0.4960669279098511,4721,444,0.519699213457538,0.5748031496062992,0.49324324324324326,0.5309090909090909,0.03787701660042086,0.5067567567567568
2,graphsage,all165,4721,0.9392743706703186,4721,444,0.9431255017393592,0.9575596816976127,0.8130630630630631,0.8794153471376371,0.003740939911152677,0.18693693693693694
3,xgboost,all165,4721,0.5699048638343811,4721,444,0.991568518667324,0.9883720930232558,0.9572072072072072,0.9725400457665903,0.0011690437222352116,0.04279279279279279
3,gcn,all165,4721,0.515138566493988,4721,444,0.5816789249476623,0.6059850374064838,0.5472972972972973,0.5751479289940828,0.03694178162263269,0.4527027027027027
3,graphsage,all165,4721,0.7997469902038574,4721,444,0.9583551732884564,0.9107551487414187,0.8963963963963963,0.9035187287173666,0.00911854103343465,0.1036036036036036
4,xgboost,all165,4721,0.4499130845069885,4721,444,0.9901843746413223,0.9814814814814815,0.954954954954955,0.9680365296803655,0.0018704699555763386,0.04504504504504504
4,gcn,all165,4721,0.5344661474227905,4721,444,0.5424105754783733,0.5828877005347594,0.49099099099099097,0.5330073349633252,0.0364741641337386,0.509009009009009
4,graphsage,all165,4721,0.8661838173866272,4721,444,0.9359048367469979,0.9186602870813397,0.8648648648648649,0.8909512761020882,0.00794949731119944,0.13513513513513514
5,xgboost,all165,4721,0.4251129627227783,4721,444,0.9855999255402232,0.9881235154394299,0.9369369369369369,0.9618497109826589,0.0011690437222352116,0.06306306306306306
5,gcn,all165,4721,0.5590838193893433,4721,444,0.6181533076346186,0.7048611111111112,0.4572072072072072,0.5546448087431693,0.019873743277998596,0.5427927927927928
5,graphsage,all165,4721,0.8398486375808716,4721,444,0.9436554158520634,0.8943661971830986,0.8581081081081081,0.8758620689655172,0.010521393500116905,0.14189189189189189
6,xgboost,all165,4721,0.4546409845352173,4721,444,0.992226364787783,0.9885057471264368,0.9684684684684685,0.9783845278725825,0.0011690437222352116,0.03153153153153153
6,gcn,all165,4721,0.7680907845497131,4721,444,0.9038595238391058,0.7941787941787942,0.8603603603603603,0.825945945945946,0.02314706570025719,0.13963963963963963
6,graphsage,all165,4721,0.869501531124115,4721,444,0.9452694854682939,0.9049881235154394,0.8581081081081081,0.8809248554913296,0.009352349777881692,0.14189189189189189
7,xgboost,all165,4721,0.44999292492866516,4721,444,0.9922036389949478,0.9771689497716894,0.963963963963964,0.9705215419501134,0.002338087444470423,0.036036036036036036
7,gcn,all165,4721,0.5582318305969238,4721,444,0.5124715189298299,0.6047430830039525,0.34459459459459457,0.4390243902439024,0.02338087444470423,0.6554054054054054
7,graphsage,all165,4721,0.9352031946182251,4721,444,0.9478402393884936,0.9383033419023136,0.8220720720720721,0.8763505402160865,0.005611409866729015,0.17792792792792791
8,xgboost,all165,4721,0.4432271420955658,4721,444,0.9951175564509565,0.9795918367346939,0.972972972972973,0.976271186440678,0.002104278700023381,0.02702702702702703
8,gcn,all165,4721,0.9035211801528931,4721,444,0.8968887594477518,0.8683544303797468,0.7725225225225225,0.8176400476758044,0.0121580547112462,0.22747747747747749
8,graphsage,all165,4721,0.897209882736206,4721,444,0.9475628730086596,0.9267139479905437,0.8828828828828829,0.9042675893886967,0.007248071077858312,0.11711711711711711
9,xgboost,all165,4721,0.4092895984649658,4721,444,0.9883054757837988,0.9790697674418605,0.9481981981981982,0.9633867276887872,0.002104278700023381,0.0518018018018018
9,gcn,all165,4721,0.5092410445213318,4721,444,0.6131042959676355,0.6437908496732027,0.4436936936936937,0.5253333333333333,0.025485153144727612,0.5563063063063063
9,graphsage,all165,4721,0.8501290678977966,4721,444,0.9386975098840968,0.9253012048192771,0.8648648648648649,0.8940628637951106,0.007248071077858312,0.13513513513513514
