seed,model,feature_set,group,underpowered,n,n_illicit,aucpr,precision,recall,f1,fpr_licit,fnr
0,gcn,all165,in0,False,5816,306,0.23428833905914465,0.2676056338028169,0.24836601307189543,0.2576271186440678,0.037749546279491834,0.7516339869281046
0,gcn,all165,in1,False,8499,722,0.4636987086990194,0.4445843828715365,0.4889196675900277,0.4656992084432718,0.05670567056705671,0.5110803324099723
0,gcn,all165,in2plus,False,2355,55,0.04903233426498886,0.031055900621118012,0.09090909090909091,0.0462962962962963,0.06782608695652174,0.9090909090909091
1,gcn,all165,in0,False,5816,306,0.18829180356356032,0.2514450867052023,0.28431372549019607,0.26687116564417174,0.047005444646098,0.7156862745098039
1,gcn,all165,in1,False,8499,722,0.38666668379446745,0.4357142857142857,0.5069252077562327,0.4686299615877081,0.06094895203806095,0.4930747922437673
1,gcn,all165,in2plus,False,2355,55,0.09329577336799993,0.08928571428571429,0.18181818181818182,0.11976047904191617,0.04434782608695652,0.8181818181818182
2,gcn,all165,in0,False,5816,306,0.16485949078575093,0.1752021563342318,0.21241830065359477,0.19202363367799116,0.055535390199637026,0.7875816993464052
2,gcn,all165,in1,False,8499,722,0.35700255395970987,0.3506787330316742,0.4293628808864266,0.386052303860523,0.0738073807380738,0.5706371191135734
2,gcn,all165,in2plus,False,2355,55,0.028831306643959873,0.022900763358778626,0.05454545454545454,0.03225806451612903,0.05565217391304348,0.9454545454545454
3,gcn,all165,in0,False,5816,306,0.14995768217575742,0.2864583333333333,0.17973856209150327,0.22088353413654618,0.02486388384754991,0.8202614379084967
3,gcn,all165,in1,False,8499,722,0.3978898290726383,0.5042918454935622,0.3254847645429363,0.39562289562289565,0.0297029702970297,0.6745152354570637
3,gcn,all165,in2plus,False,2355,55,0.025865228393502512,0.0,0.0,,0.025217391304347827,1.0
4,gcn,all165,in0,False,5816,306,0.25515094659656906,0.3648068669527897,0.2777777777777778,0.31539888682745826,0.026860254083484573,0.7222222222222222
4,gcn,all165,in1,False,8499,722,0.44862134863268543,0.4656992084432718,0.4889196675900277,0.47702702702702704,0.05207663623505208,0.5110803324099723
4,gcn,all165,in2plus,False,2355,55,0.08382606768749114,0.15384615384615385,0.10909090909090909,0.12765957446808512,0.014347826086956521,0.8909090909090909
5,gcn,all165,in0,False,5816,306,0.14110302099156624,0.14831460674157304,0.21568627450980393,0.17576564580559254,0.06878402903811252,0.7843137254901961
5,gcn,all165,in1,False,8499,722,0.30601617720002355,0.32063492063492066,0.4196675900277008,0.36352729454109173,0.08255111225408256,0.5803324099722992
5,gcn,all165,in2plus,False,2355,55,0.02435507526923867,0.0,0.0,,0.08739130434782609,1.0
6,gcn,all165,in0,False,5816,306,0.19939953154242504,0.3333333333333333,0.23202614379084968,0.27360308285163776,0.025771324863883848,0.7679738562091504
6,gcn,all165,in1,False,8499,722,0.3683002204054403,0.48484848484848486,0.31024930747922436,0.3783783783783784,0.0306030603060306,0.6897506925207756
6,gcn,all165,in2plus,False,2355,55,0.08269964583260206,0.14634146341463414,0.10909090909090909,0.125,0.015217391304347827,0.8909090909090909
7,gcn,all165,in0,False,5816,306,0.1269951137079061,0.12297297297297298,0.2973856209150327,0.1739961759082218,0.1177858439201452,0.7026143790849673
7,gcn,all165,in1,False,8499,722,0.330278961246138,0.2986647926914968,0.5886426592797784,0.39627039627039623,0.12832711842612832,0.4113573407202216
7,gcn,all165,in2plus,False,2355,55,0.04458054569647723,0.022004889975550123,0.16363636363636364,0.03879310344827586,0.17391304347826086,0.8363636363636363
8,gcn,all165,in0,False,5816,306,0.22969797430520855,0.3346613545816733,0.27450980392156865,0.30161579892280066,0.03030852994555354,0.7254901960784313
8,gcn,all165,in1,False,8499,722,0.4556777800532695,0.49303621169916434,0.4903047091412742,0.49166666666666664,0.046804680468046804,0.5096952908587258
8,gcn,all165,in2plus,False,2355,55,0.0929536524322514,0.15517241379310345,0.16363636363636364,0.1592920353982301,0.021304347826086957,0.8363636363636363
9,gcn,all165,in0,False,5816,306,0.18699624776414486,0.1469387755102041,0.35294117647058826,0.207492795389049,0.11379310344827587,0.6470588235294118
9,gcn,all165,in1,False,8499,722,0.4560392611054884,0.33425223983459684,0.6717451523545707,0.4463874827427519,0.12421242124212421,0.32825484764542934
9,gcn,all165,in2plus,False,2355,55,0.030875275378443968,0.02727272727272727,0.21818181818181817,0.048484848484848485,0.18608695652173912,0.7818181818181819
0,gcn,local93,in0,False,5816,306,0.08798572767246529,0.06957087126137841,0.34967320261437906,0.11605206073752712,0.2597096188747731,0.6503267973856209
0,gcn,local93,in1,False,8499,722,0.3064051334838235,0.26623655913978495,0.8573407202216067,0.4063012799474893,0.21936479362221936,0.14265927977839335
0,gcn,local93,in2plus,False,2355,55,0.03679469228784646,0.030826140567200986,0.45454545454545453,0.05773672055427251,0.3417391304347826,0.5454545454545454
1,gcn,local93,in0,False,5816,306,0.11350430663939556,0.12943632567849686,0.20261437908496732,0.15796178343949044,0.07568058076225045,0.7973856209150327
1,gcn,local93,in1,False,8499,722,0.30711591073456934,0.3552123552123552,0.5096952908587258,0.4186575654152446,0.08589430371608589,0.4903047091412742
1,gcn,local93,in2plus,False,2355,55,0.021508884455286387,0.010101010101010102,0.01818181818181818,0.012987012987012988,0.042608695652173914,0.9818181818181818
2,gcn,local93,in0,False,5816,306,0.10156274799802582,0.07807807807807808,0.33986928104575165,0.12698412698412698,0.22286751361161525,0.6601307189542484
2,gcn,local93,in1,False,8499,722,0.330372479349405,0.2864391143911439,0.8601108033240997,0.429757785467128,0.19891989198919893,0.13988919667590027
2,gcn,local93,in2plus,False,2355,55,0.06115055812791802,0.030882352941176472,0.38181818181818183,0.05714285714285715,0.28652173913043477,0.6181818181818182
3,gcn,local93,in0,False,5816,306,0.09879040420689898,0.07720588235294118,0.3431372549019608,0.12605042016806722,0.2277676950998185,0.6568627450980392
3,gcn,local93,in1,False,8499,722,0.32665277500010786,0.2753880266075388,0.8601108033240997,0.4171985220020154,0.21010672495821012,0.13988919667590027
3,gcn,local93,in2plus,False,2355,55,0.03720174988832441,0.029871977240398292,0.38181818181818183,0.05540897097625329,0.2965217391304348,0.6181818181818182
4,gcn,local93,in0,False,5816,306,0.10678699885901732,0.08554817275747509,0.3366013071895425,0.13642384105960267,0.1998185117967332,0.6633986928104575
4,gcn,local93,in1,False,8499,722,0.3474699620755967,0.29022988505747127,0.8393351800554016,0.43131672597864773,0.19056191333419056,0.16066481994459833
4,gcn,local93,in2plus,False,2355,55,0.05486620946965577,0.033277870216306155,0.36363636363636365,0.06097560975609756,0.2526086956521739,0.6363636363636364
5,gcn,local93,in0,False,5816,306,0.17636176883016183,0.1486725663716814,0.27450980392156865,0.19288174512055112,0.08729582577132486,0.7254901960784313
5,gcn,local93,in1,False,8499,722,0.38739153712747704,0.3896434634974533,0.6357340720221607,0.4831578947368422,0.09245210235309245,0.36426592797783935
5,gcn,local93,in2plus,False,2355,55,0.026528497223170043,0.026785714285714284,0.10909090909090909,0.04301075268817204,0.09478260869565218,0.8909090909090909
6,gcn,local93,in0,False,5816,306,0.08099175287209252,0.07179115300942712,0.3235294117647059,0.11750741839762611,0.2323049001814882,0.6764705882352942
6,gcn,local93,in1,False,8499,722,0.22772812227140135,0.2529245663574022,0.868421052631579,0.3917525773195876,0.23813809952423814,0.13157894736842105
6,gcn,local93,in2plus,False,2355,55,0.0520444379726534,0.023170731707317073,0.34545454545454546,0.04342857142857143,0.3482608695652174,0.6545454545454545
7,gcn,local93,in0,False,5816,306,0.09761367553727797,0.08065720687079911,0.35294117647058826,0.13130699088145897,0.22341197822141562,0.6470588235294118
7,gcn,local93,in1,False,8499,722,0.32997609618158935,0.2787851314596555,0.8518005540166205,0.4200819672131148,0.2045776006172046,0.1481994459833795
7,gcn,local93,in2plus,False,2355,55,0.056374464809937845,0.028169014084507043,0.36363636363636365,0.05228758169934641,0.3,0.6363636363636364
8,gcn,local93,in0,False,5816,306,0.13210642272551507,0.19122257053291536,0.19934640522875818,0.1952,0.046823956442831216,0.8006535947712419
8,gcn,local93,in1,False,8499,722,0.31664687953399867,0.3786407766990291,0.43213296398891965,0.4036222509702458,0.06583515494406583,0.5678670360110804
8,gcn,local93,in2plus,False,2355,55,0.024529983119430283,0.018518518518518517,0.01818181818181818,0.018348623853211007,0.023043478260869565,0.9818181818181818
9,gcn,local93,in0,False,5816,306,0.13474044394379645,0.13052631578947368,0.20261437908496732,0.15877080665813062,0.0749546279491833,0.7973856209150327
9,gcn,local93,in1,False,8499,722,0.385164647892016,0.3894523326572008,0.5318559556786704,0.4496487119437939,0.0774077407740774,0.46814404432132967
9,gcn,local93,in2plus,False,2355,55,0.02563109840203298,0.00819672131147541,0.01818181818181818,0.011299435028248588,0.052608695652173916,0.9818181818181818
0,graphsage,all165,in0,False,5816,306,0.2944941113230622,0.42857142857142855,0.22549019607843138,0.29550321199143464,0.016696914700544463,0.7745098039215687
0,graphsage,all165,in1,False,8499,722,0.5259160658808246,0.47863247863247865,0.6204986149584487,0.5404101326899879,0.06274913205606275,0.37950138504155123
0,graphsage,all165,in2plus,False,2355,55,0.11614015363964408,0.09782608695652174,0.16363636363636364,0.12244897959183675,0.03608695652173913,0.8363636363636363
1,graphsage,all165,in0,False,5816,306,0.29442264179272726,0.43820224719101125,0.2549019607843137,0.3223140495867769,0.018148820326678767,0.7450980392156863
1,graphsage,all165,in1,False,8499,722,0.45172967166223554,0.44206426484907496,0.628808864265928,0.5191538021726702,0.07367879645107368,0.37119113573407203
1,graphsage,all165,in2plus,False,2355,55,0.12080426469034332,0.12195121951219512,0.18181818181818182,0.14598540145985403,0.03130434782608696,0.8181818181818182
2,graphsage,all165,in0,False,5816,306,0.2679844406173326,0.45569620253164556,0.23529411764705882,0.31034482758620685,0.01560798548094374,0.7647058823529411
2,graphsage,all165,in1,False,8499,722,0.5316682501211556,0.4702868852459016,0.6357340720221607,0.5406360424028268,0.06647807637906648,0.36426592797783935
2,graphsage,all165,in2plus,False,2355,55,0.1233173642405178,0.12345679012345678,0.18181818181818182,0.14705882352941174,0.030869565217391304,0.8181818181818182
3,graphsage,all165,in0,False,5816,306,0.28803874499436144,0.47058823529411764,0.1830065359477124,0.26352941176470585,0.011433756805807622,0.8169934640522876
3,graphsage,all165,in1,False,8499,722,0.43500486101171054,0.41742654508611954,0.5706371191135734,0.4821533060269163,0.07393596502507394,0.4293628808864266
3,graphsage,all165,in2plus,False,2355,55,0.15682162687215093,0.20512820512820512,0.14545454545454545,0.1702127659574468,0.013478260869565217,0.8545454545454545
4,graphsage,all165,in0,False,5816,306,0.2675257362286046,0.3558282208588957,0.1895424836601307,0.24733475479744138,0.019056261343012703,0.8104575163398693
4,graphsage,all165,in1,False,8499,722,0.5024316811381443,0.4612286002014099,0.6343490304709142,0.5341107871720117,0.0687925935450688,0.3656509695290859
4,graphsage,all165,in2plus,False,2355,55,0.13230379455602656,0.1,0.12727272727272726,0.11199999999999999,0.027391304347826086,0.8727272727272727
5,graphsage,all165,in0,False,5816,306,0.30247530901561864,0.37606837606837606,0.2875816993464052,0.3259259259259259,0.026497277676951,0.7124183006535948
5,graphsage,all165,in1,False,8499,722,0.41599064408441855,0.43457497612225404,0.6301939058171745,0.5144149236856981,0.07612189790407613,0.3698060941828255
5,graphsage,all165,in2plus,False,2355,55,0.1330427466130012,0.11392405063291139,0.16363636363636364,0.13432835820895522,0.030434782608695653,0.8363636363636363
6,graphsage,all165,in0,False,5816,306,0.2822493852409808,0.3813953488372093,0.2679738562091503,0.31477927063339733,0.02413793103448276,0.7320261437908496
6,graphsage,all165,in1,False,8499,722,0.5914788187115974,0.4588859416445623,0.7188365650969529,0.5601726929303832,0.07869358364407869,0.28116343490304707
6,graphsage,all165,in2plus,False,2355,55,0.13523997077539507,0.07079646017699115,0.14545454545454545,0.09523809523809523,0.04565217391304348,0.8545454545454545
7,graphsage,all165,in0,False,5816,306,0.2608852412556305,0.35096153846153844,0.238562091503268,0.2840466926070039,0.024500907441016333,0.761437908496732
7,graphsage,all165,in1,False,8499,722,0.5434890218629297,0.4550561797752809,0.6731301939058172,0.5430167597765364,0.07483605503407484,0.3268698060941828
7,graphsage,all165,in2plus,False,2355,55,0.12120361361652934,0.0847457627118644,0.18181818181818182,0.11560693641618497,0.04695652173913043,0.8181818181818182
8,graphsage,all165,in0,False,5816,306,0.27319498764193956,0.46938775510204084,0.22549019607843138,0.304635761589404,0.014156079854809437,0.7745098039215687
8,graphsage,all165,in1,False,8499,722,0.4421029690838819,0.4551148225469729,0.6038781163434903,0.5190476190476191,0.06712099781406712,0.3961218836565097
8,graphsage,all165,in2plus,False,2355,55,0.1202259309401131,0.13333333333333333,0.14545454545454545,0.1391304347826087,0.022608695652173914,0.8545454545454545
9,graphsage,all165,in0,False,5816,306,0.24006752606461257,0.3695652173913043,0.2222222222222222,0.27755102040816326,0.021052631578947368,0.7777777777777778
9,graphsage,all165,in1,False,8499,722,0.496623237250857,0.4904661016949153,0.6412742382271468,0.5558223289315727,0.06184904204706185,0.3587257617728532
9,graphsage,all165,in2plus,False,2355,55,0.12322825182455015,0.11538461538461539,0.16363636363636364,0.13533834586466167,0.03,0.8363636363636363
0,graphsage,local93,in0,False,5816,306,0.18985747676343356,0.13067400275103164,0.3104575163398693,0.18393030009680544,0.1147005444646098,0.6895424836601307
0,graphsage,local93,in1,False,8499,722,0.6754131622930113,0.5133603238866397,0.8781163434903048,0.6479305058763414,0.07727915648707728,0.12188365650969529
0,graphsage,local93,in2plus,False,2355,55,0.05823078076002549,0.04946996466431095,0.2545454545454545,0.08284023668639051,0.11695652173913043,0.7454545454545455
1,graphsage,local93,in0,False,5816,306,0.14926448101013778,0.12483574244415244,0.3104575163398693,0.17806935332708532,0.12087114337568058,0.6895424836601307
1,graphsage,local93,in1,False,8499,722,0.608693991209478,0.5363951473136915,0.8573407202216067,0.6599147121535182,0.0687925935450688,0.14265927977839335
1,graphsage,local93,in2plus,False,2355,55,0.06620497677578115,0.043010752688172046,0.21818181818181817,0.07185628742514971,0.11608695652173913,0.7818181818181819
2,graphsage,local93,in0,False,5816,306,0.20617165661814804,0.1402524544179523,0.32679738562091504,0.1962708537782139,0.11125226860254084,0.673202614379085
2,graphsage,local93,in1,False,8499,722,0.4562160119051059,0.405440414507772,0.8670360110803325,0.5525154457193292,0.11804037546611804,0.1329639889196676
2,graphsage,local93,in2plus,False,2355,55,0.07426309696217274,0.05761316872427984,0.2545454545454545,0.09395973154362415,0.09956521739130435,0.7454545454545455
3,graphsage,local93,in0,False,5816,306,0.1473524658489611,0.1246376811594203,0.28104575163398693,0.17269076305220885,0.10961887477313975,0.7189542483660131
3,graphsage,local93,in1,False,8499,722,0.5624087660828441,0.5514705882352942,0.8310249307479224,0.6629834254143646,0.06274913205606275,0.16897506925207756
3,graphsage,local93,in2plus,False,2355,55,0.07163750124549081,0.06698564593301436,0.2545454545454545,0.10606060606060606,0.08478260869565217,0.7454545454545455
4,graphsage,local93,in0,False,5816,306,0.20383238269768603,0.13854595336076816,0.3300653594771242,0.19516908212560385,0.11397459165154265,0.6699346405228758
4,graphsage,local93,in1,False,8499,722,0.6993692708970377,0.568733153638814,0.8767313019390581,0.6899182561307902,0.06172045776006172,0.12326869806094183
4,graphsage,local93,in2plus,False,2355,55,0.08175206240312642,0.05263157894736842,0.23636363636363636,0.08609271523178806,0.10173913043478261,0.7636363636363637
5,graphsage,local93,in0,False,5816,306,0.14721341006532612,0.1262135922330097,0.2973856209150327,0.17721518987341772,0.11433756805807622,0.7026143790849673
5,graphsage,local93,in1,False,8499,722,0.5707136113758895,0.5119735755573905,0.8587257617728532,0.6414899120538022,0.075993313617076,0.14127423822714683
5,graphsage,local93,in2plus,False,2355,55,0.06825213983564203,0.05084745762711865,0.21818181818181817,0.08247422680412371,0.09739130434782609,0.7818181818181819
6,graphsage,local93,in0,False,5816,306,0.13774518652821072,0.14266666666666666,0.34967320261437906,0.20265151515151514,0.11669691470054447,0.6503267973856209
6,graphsage,local93,in1,False,8499,722,0.5531427765084881,0.5389435989256938,0.8337950138504155,0.6547036432843936,0.06622090780506622,0.16620498614958448
6,graphsage,local93,in2plus,False,2355,55,0.06524709576975887,0.053497942386831275,0.23636363636363636,0.087248322147651,0.1,0.7636363636363637
7,graphsage,local93,in0,False,5816,306,0.14661043634984625,0.10456273764258556,0.35947712418300654,0.16200294550810015,0.17096188747731397,0.6405228758169934
7,graphsage,local93,in1,False,8499,722,0.49366522797385926,0.4254180602006689,0.8808864265927978,0.5737483085250339,0.11045390253311045,0.11911357340720222
7,graphsage,local93,in2plus,False,2355,55,0.06742082331791344,0.04519774011299435,0.2909090909090909,0.07823960880195598,0.14695652173913043,0.7090909090909091
8,graphsage,local93,in0,False,5816,306,0.2244815825620802,0.1344019728729963,0.3562091503267974,0.19516562220232764,0.12740471869328493,0.6437908496732027
8,graphsage,local93,in1,False,8499,722,0.5231549367014208,0.4479606188466948,0.8822714681440443,0.5942164179104478,0.10093866529510094,0.11772853185595568
8,graphsage,local93,in2plus,False,2355,55,0.03424812477661007,0.026905829596412557,0.10909090909090909,0.043165467625899276,0.09434782608695652,0.8909090909090909
9,graphsage,local93,in0,False,5816,306,0.14560584420339998,0.1261904761904762,0.3464052287581699,0.18499127399650958,0.13321234119782213,0.6535947712418301
9,graphsage,local93,in1,False,8499,722,0.6214034398990218,0.5117408906882591,0.8753462603878116,0.6458865610628512,0.07753632506107754,0.12465373961218837
9,graphsage,local93,in2plus,False,2355,55,0.05497680391153306,0.033846153846153845,0.2,0.05789473684210526,0.13652173913043478,0.8
0,xgboost,all165,in0,False,5816,306,0.43306856231150115,0.47161572052401746,0.35294117647058826,0.4037383177570093,0.021960072595281308,0.6470588235294118
0,xgboost,all165,in1,False,8499,722,0.9541093458643147,0.9377652050919377,0.9182825484764543,0.9279216235129462,0.005657708628005658,0.0817174515235457
0,xgboost,all165,in2plus,False,2355,55,0.12847912001162048,0.13432835820895522,0.16363636363636364,0.14754098360655737,0.025217391304347827,0.8363636363636363
1,xgboost,all165,in0,False,5816,306,0.4249175132377969,0.5294117647058824,0.35294117647058826,0.4235294117647059,0.017422867513611617,0.6470588235294118
1,xgboost,all165,in1,False,8499,722,0.9483114114878427,0.9497847919655668,0.9168975069252078,0.9330514446793516,0.004500450045004501,0.08310249307479224
1,xgboost,all165,in2plus,False,2355,55,0.11636596364454412,0.19047619047619047,0.14545454545454545,0.16494845360824742,0.014782608695652174,0.8545454545454545
2,xgboost,all165,in0,False,5816,306,0.42423350856407127,0.5069767441860465,0.3562091503267974,0.418426103646833,0.019237749546279492,0.6437908496732027
2,xgboost,all165,in1,False,8499,722,0.952057974985178,0.9374110953058321,0.9127423822714681,0.9249122807017544,0.005657708628005658,0.08725761772853186
2,xgboost,all165,in2plus,False,2355,55,0.13922346106572073,0.18,0.16363636363636364,0.17142857142857143,0.017826086956521738,0.8363636363636363
3,xgboost,all165,in0,False,5816,306,0.42626560865572366,0.5323383084577115,0.34967320261437906,0.42209072978303747,0.01705989110707804,0.6503267973856209
3,xgboost,all165,in1,False,8499,722,0.9544060853934447,0.9523809523809523,0.9141274238227147,0.9328621908127209,0.004243281471004243,0.08587257617728532
3,xgboost,all165,in2plus,False,2355,55,0.11854171053514223,0.1590909090909091,0.12727272727272726,0.1414141414141414,0.01608695652173913,0.8727272727272727
4,xgboost,all165,in0,False,5816,306,0.423761858181868,0.5953757225433526,0.3366013071895425,0.430062630480167,0.012704174228675136,0.6633986928104575
4,xgboost,all165,in1,False,8499,722,0.9443580754271419,0.9653614457831325,0.8878116343490304,0.9249639249639249,0.0029574386010029576,0.11218836565096953
4,xgboost,all165,in2plus,False,2355,55,0.15098174070273926,0.32,0.14545454545454545,0.19999999999999998,0.007391304347826087,0.8545454545454545
5,xgboost,all165,in0,False,5816,306,0.42456139936639675,0.45643153526970953,0.35947712418300654,0.40219378427787933,0.023774954627949183,0.6405228758169934
5,xgboost,all165,in1,False,8499,722,0.9543439719179427,0.9072305593451568,0.9210526315789473,0.9140893470790378,0.008743731516008744,0.07894736842105263
5,xgboost,all165,in2plus,False,2355,55,0.15217173639717682,0.13043478260869565,0.16363636363636364,0.14516129032258066,0.02608695652173913,0.8363636363636363
6,xgboost,all165,in0,False,5816,306,0.4284879165623808,0.48660714285714285,0.3562091503267974,0.4113207547169811,0.020871143375680582,0.6437908496732027
6,xgboost,all165,in1,False,8499,722,0.9505880807834627,0.9333333333333333,0.9113573407202216,0.9222144358794674,0.006043461489006043,0.0886426592797784
6,xgboost,all165,in2plus,False,2355,55,0.14383604210304807,0.2222222222222222,0.14545454545454545,0.17582417582417584,0.01217391304347826,0.8545454545454545
7,xgboost,all165,in0,False,5816,306,0.4247792500889902,0.5885714285714285,0.3366013071895425,0.4282744282744283,0.013067150635208712,0.6633986928104575
7,xgboost,all165,in1,False,8499,722,0.9518758980001707,0.95355587808418,0.909972299168975,0.9312544294826365,0.0041146971840041145,0.09002770083102493
7,xgboost,all165,in2plus,False,2355,55,0.14001196073085603,0.26666666666666666,0.14545454545454545,0.18823529411764706,0.009565217391304347,0.8545454545454545
8,xgboost,all165,in0,False,5816,306,0.4276907264432468,0.5921787709497207,0.3464052287581699,0.4371134020618557,0.0132486388384755,0.6535947712418301
8,xgboost,all165,in1,False,8499,722,0.9518917519629214,0.9482758620689655,0.9141274238227147,0.9308885754583922,0.004629034332004629,0.08587257617728532
8,xgboost,all165,in2plus,False,2355,55,0.15003048284782045,0.24242424242424243,0.14545454545454545,0.1818181818181818,0.010869565217391304,0.8545454545454545
9,xgboost,all165,in0,False,5816,306,0.4290512540540571,0.6481481481481481,0.3431372549019608,0.4487179487179487,0.010344827586206896,0.6568627450980392
9,xgboost,all165,in1,False,8499,722,0.9518197005999449,0.9687034277198212,0.9002770083102493,0.9332376166547022,0.0027002700270027003,0.0997229916897507
9,xgboost,all165,in2plus,False,2355,55,0.1480722509266018,0.26666666666666666,0.14545454545454545,0.18823529411764706,0.009565217391304347,0.8545454545454545
0,xgboost,local93,in0,False,5816,306,0.3768345450640116,0.384297520661157,0.30392156862745096,0.33941605839416056,0.027041742286751363,0.696078431372549
0,xgboost,local93,in1,False,8499,722,0.9366636395228021,0.9240121580547113,0.8421052631578947,0.881159420289855,0.006429214350006429,0.15789473684210525
0,xgboost,local93,in2plus,False,2355,55,0.12426737867834586,0.1111111111111111,0.14545454545454545,0.12598425196850394,0.02782608695652174,0.8545454545454545
1,xgboost,local93,in0,False,5816,306,0.3797563461781779,0.35335689045936397,0.32679738562091504,0.33955857385398985,0.03321234119782214,0.673202614379085
1,xgboost,local93,in1,False,8499,722,0.9352367448922686,0.9033674963396779,0.8545706371191135,0.8782918149466192,0.008486562942008486,0.14542936288088643
1,xgboost,local93,in2plus,False,2355,55,0.09994244963966649,0.1111111111111111,0.14545454545454545,0.12598425196850394,0.02782608695652174,0.8545454545454545
2,xgboost,local93,in0,False,5816,306,0.3839520078445122,0.35135135135135137,0.33986928104575165,0.34551495016611294,0.03484573502722323,0.6601307189542484
2,xgboost,local93,in1,False,8499,722,0.9323894487539311,0.8971014492753623,0.8573407202216067,0.876770538243626,0.009129484377009129,0.14265927977839335
2,xgboost,local93,in2plus,False,2355,55,0.12871134213091154,0.1095890410958904,0.14545454545454545,0.125,0.02826086956521739,0.8545454545454545
3,xgboost,local93,in0,False,5816,306,0.3758734114718586,0.3888888888888889,0.3202614379084967,0.3512544802867384,0.0279491833030853,0.6797385620915033
3,xgboost,local93,in1,False,8499,722,0.9382557030550652,0.9153046062407132,0.853185595567867,0.8831541218637993,0.007329304359007329,0.14681440443213298
3,xgboost,local93,in2plus,False,2355,55,0.12438936823371549,0.14035087719298245,0.14545454545454545,0.14285714285714285,0.021304347826086957,0.8545454545454545
4,xgboost,local93,in0,False,5816,306,0.38285540663193285,0.3436426116838488,0.32679738562091504,0.3350083752093802,0.03466424682395644,0.673202614379085
4,xgboost,local93,in1,False,8499,722,0.9327485430727339,0.8995633187772926,0.8559556786703602,0.8772178850248403,0.008872315803008872,0.1440443213296399
4,xgboost,local93,in2plus,False,2355,55,0.10919540847959566,0.11538461538461539,0.16363636363636364,0.13533834586466167,0.03,0.8363636363636363
5,xgboost,local93,in0,False,5816,306,0.3892107605182863,0.3435374149659864,0.3300653594771242,0.33666666666666667,0.03502722323049002,0.6699346405228758
5,xgboost,local93,in1,False,8499,722,0.9435832508494203,0.8873239436619719,0.8725761772853186,0.8798882681564246,0.010286742960010286,0.12742382271468145
5,xgboost,local93,in2plus,False,2355,55,0.10453852144057876,0.0875,0.12727272727272726,0.1037037037037037,0.03173913043478261,0.8727272727272727
6,xgboost,local93,in0,False,5816,306,0.3684253303836793,0.6388888888888888,0.3006535947712418,0.40888888888888886,0.009437386569872959,0.6993464052287581
6,xgboost,local93,in1,False,8499,722,0.9337818853043015,0.9614147909967846,0.8282548476454293,0.8898809523809523,0.003086022888003086,0.17174515235457063
6,xgboost,local93,in2plus,False,2355,55,0.12683196657240955,0.18181818181818182,0.10909090909090909,0.13636363636363638,0.011739130434782608,0.8909090909090909
7,xgboost,local93,in0,False,5816,306,0.3757571197239851,0.5136612021857924,0.30718954248366015,0.38445807770961143,0.016152450090744102,0.6928104575163399
7,xgboost,local93,in1,False,8499,722,0.9349197878653047,0.9390625,0.832409972299169,0.8825256975036712,0.0050147871930050145,0.16759002770083103
7,xgboost,local93,in2plus,False,2355,55,0.14004204804500164,0.15384615384615385,0.10909090909090909,0.12765957446808512,0.014347826086956521,0.8909090909090909
8,xgboost,local93,in0,False,5816,306,0.38116544782007006,0.5632911392405063,0.2908496732026144,0.3836206896551725,0.012522686025408349,0.7091503267973857
8,xgboost,local93,in1,False,8499,722,0.9398286092339853,0.9553429027113237,0.8296398891966759,0.888065233506301,0.0036003600360036,0.1703601108033241
8,xgboost,local93,in2plus,False,2355,55,0.14176412537300898,0.18604651162790697,0.14545454545454545,0.16326530612244897,0.015217391304347827,0.8545454545454545
9,xgboost,local93,in0,False,5816,306,0.38077011023644064,0.4973544973544973,0.30718954248366015,0.3797979797979798,0.017241379310344827,0.6928104575163399
9,xgboost,local93,in1,False,8499,722,0.9324834617073194,0.9433070866141732,0.8296398891966759,0.8828297715549004,0.004629034332004629,0.1703601108033241
9,xgboost,local93,in2plus,False,2355,55,0.131732233531219,0.15555555555555556,0.12727272727272726,0.13999999999999999,0.01652173913043478,0.8727272727272727
