seed,model,feature_set,split,threshold,val_aucpr,n,n_illicit,aucpr,precision,recall,f1,fpr_licit,fnr
0,gcn,all165,test,0.5417189002037048,0.6046112549918413,16670,1083,0.345471266489378,0.3502824858757062,0.4007386888273315,0.3738156761412575,0.0516456021043177,0.5992613111726686
1,gcn,all165,test,0.843898594379425,0.8280588833894629,16670,1083,0.29209048230449797,0.35670261941448383,0.4275161588180979,0.3889122217555649,0.053570282928081095,0.5724838411819021
2,gcn,all165,test,0.5233448147773743,0.5643527040156221,16670,1083,0.25954806481376,0.2727272727272727,0.3490304709141274,0.30619684082624543,0.06466927567844999,0.6509695290858726
3,gcn,all165,test,0.5206539034843445,0.5973166234199179,16670,1083,0.2796542955763121,0.40502793296089384,0.2677746999076639,0.32240133407448585,0.027330467697440176,0.7322253000923361
4,gcn,all165,test,0.680549144744873,0.8322846971988005,16670,1083,0.3667469776878602,0.43106796116504853,0.4099722991689751,0.42025556081400844,0.037595432090844934,0.590027700831025
5,gcn,all165,test,0.5637770295143127,0.5558924937485452,16670,1083,0.2039974722412285,0.23192960402262727,0.3407202216066482,0.27599102468212416,0.07839866555462886,0.6592797783933518
6,gcn,all165,test,0.8114011883735657,0.8173230760012811,16670,1083,0.28720860897963313,0.420391061452514,0.27793167128347185,0.33463035019455256,0.0266247513953936,0.7220683287165282
7,gcn,all165,test,0.5673742890357971,0.5117837149193883,16670,1083,0.2027539397966191,0.2041213063763608,0.48476454293628807,0.2872777017783858,0.13132738820812215,0.5152354570637119
8,gcn,all165,test,0.8262932300567627,0.8290671982172524,16670,1083,0.3538924934324103,0.4352482960077897,0.41274238227146814,0.4236966824644549,0.037210495926092255,0.5872576177285319
9,gcn,all165,test,0.5281983017921448,0.5587413940173905,16670,1083,0.29220035820737944,0.2303884234577304,0.5586334256694367,0.32623348611485575,0.12965933149419387,0.44136657433056325
0,graphsage,all165,test,0.8742315769195557,0.9272885888357699,16670,1083,0.4215138913625204,0.44238856181665265,0.4856879039704525,0.46302816901408456,0.042535446205170975,0.5143120960295475
1,graphsage,all165,test,0.9017814993858337,0.930339139824897,16670,1083,0.3812383378315851,0.4211344211344211,0.5004616805170822,0.4573839662447257,0.047796240456790914,0.4995383194829178
2,graphsage,all165,test,0.8632546663284302,0.9330459197101207,16670,1083,0.4257714620655379,0.44526748971193414,0.4995383194829178,0.4708442123585727,0.04324116250721755,0.5004616805170822
3,graphsage,all165,test,0.8788560628890991,0.9349583062154402,16670,1083,0.3836434464481774,0.41572052401746723,0.43951985226223456,0.42728904847396765,0.042920382369923654,0.5604801477377654
4,graphsage,all165,test,0.7958662509918213,0.9370963300716103,16670,1083,0.4146819882743198,0.4265905383360522,0.48291782086795937,0.45300996102208746,0.04510168730352217,0.5170821791320406
5,graphsage,all165,test,0.8536406755447388,0.9283905633970395,16670,1083,0.36955082016836877,0.40588235294117647,0.5096952908587258,0.4519033974621367,0.05183807018669404,0.4903047091412742
6,graphsage,all165,test,0.8536209464073181,0.9243919291586362,16670,1083,0.47394532382325605,0.4174091843728581,0.5623268698060941,0.47915027537372146,0.05453262333996279,0.4376731301939058
7,graphsage,all165,test,0.9274792075157166,0.9207129745825737,16670,1083,0.42611558156814133,0.4081779053084649,0.5253924284395198,0.4594267258780783,0.0529287226534933,0.47460757156048017
8,graphsage,all165,test,0.8179107308387756,0.9336149134278019,16670,1083,0.37798512230845766,0.44034334763948496,0.47368421052631576,0.45640569395017794,0.0418297299031244,0.5263157894736842
9,graphsage,all165,test,0.7440056204795837,0.9262473023241041,16670,1083,0.39238528587681565,0.44776119402985076,0.4986149584487535,0.47182175622542594,0.04272791428754732,0.5013850415512465
0,xgboost,all165,test,0.46094799041748047,0.9880386626331281,16670,1083,0.7849596599595418,0.7776669990029911,0.7202216066481995,0.74784276126558,0.014306794123307884,0.27977839335180055
1,xgboost,all165,test,0.3264528810977936,0.9880098547607316,16670,1083,0.7767961413081843,0.8250265111346765,0.7183748845798708,0.7680157946692991,0.01058574453069866,0.28162511542012925
2,xgboost,all165,test,0.4276202619075775,0.9861058654621692,16670,1083,0.7804060102270741,0.8026859504132231,0.7174515235457064,0.7576791808873721,0.012253801244626933,0.28254847645429365
3,xgboost,all165,test,0.43569859862327576,0.986786448316169,16670,1083,0.7824063373396004,0.8251599147121536,0.7146814404432132,0.7659574468085105,0.010521588503239879,0.2853185595567867
4,xgboost,all165,test,0.5849727392196655,0.9870822156556246,16670,1083,0.7755720940963813,0.8723897911832946,0.6943674976915974,0.7732647814910026,0.007057163020465773,0.3056325023084026
5,xgboost,all165,test,0.2978132665157318,0.9881709428453669,16670,1083,0.7842015160350748,0.7516778523489933,0.7239150507848569,0.7375352775164629,0.016616411111823957,0.2760849492151431
6,xgboost,all165,test,0.39271703362464905,0.9874668672868151,16670,1083,0.78230253084249,0.8031088082901554,0.7156048014773777,0.7568359375,0.012189645217168152,0.28439519852262235
7,xgboost,all165,test,0.48087170720100403,0.9856688827957187,16670,1083,0.7817097872414039,0.8590604026845637,0.7091412742382271,0.7769347496206372,0.008083659459806249,0.29085872576177285
8,xgboost,all165,test,0.5456423759460449,0.9868650536210655,16670,1083,0.7829220005888516,0.8524229074889867,0.7146814404432132,0.777498744349573,0.008596907679476486,0.2853185595567867
9,xgboost,all165,test,0.5777466297149658,0.9869004619510164,16670,1083,0.7827613821269032,0.884125144843569,0.7045244690674054,0.7841726618705037,0.006415602745877975,0.29547553093259465
0,gcn,local93,test,0.8571451902389526,0.7859302903175278,16670,1083,0.17729966348168325,0.16067608044501497,0.6934441366574331,0.26089977418794513,0.251684095720793,0.30655586334256696
1,gcn,local93,test,0.5263975858688354,0.5100103523933586,16670,1083,0.21610278434158678,0.2670384138785626,0.3979686057248384,0.3196143863552095,0.07589658048373644,0.6020313942751616
2,gcn,local93,test,0.8697669506072998,0.8083986462701354,16670,1083,0.20263001313682327,0.1784688995215311,0.6888273314866112,0.2834885046551397,0.22031179829344966,0.31117266851338876
3,gcn,local93,test,0.8684954047203064,0.79333621574107,16670,1083,0.20058763327329818,0.1729967577582214,0.6897506925207756,0.2766154415848917,0.2291011740553025,0.31024930747922436
4,gcn,local93,test,0.8635736703872681,0.7930910293401157,16670,1083,0.21820272636874277,0.18725918314924223,0.6731301939058172,0.2930064308681672,0.20298967087957914,0.3268698060941828
5,gcn,local93,test,0.4956199824810028,0.5364708025918314,16670,1083,0.2723541355206387,0.2791052364006101,0.5069252077562327,0.36,0.09097324693654969,0.4930747922437673
6,gcn,local93,test,0.8525383472442627,0.679500620891604,16670,1083,0.14545686422454937,0.1592560923471569,0.6879039704524469,0.25863565353237283,0.25232565599538076,0.3120960295475531
7,gcn,local93,test,0.8715953826904297,0.7967108437682945,16670,1083,0.20085763303430054,0.1746180963572268,0.6860572483841182,0.27838141626077184,0.2253159684352345,0.3139427516158818
8,gcn,local93,test,0.48919978737831116,0.5626192976129393,16670,1083,0.23515985558817054,0.31244778613199664,0.34533702677746997,0.3280701754385965,0.05280041059857574,0.65466297322253
9,gcn,local93,test,0.5329263210296631,0.5291025390164908,16670,1083,0.26028681739050424,0.28237523689197724,0.41274238227146814,0.33533383345836454,0.07288124719317379,0.5872576177285319
0,graphsage,local93,test,0.8530179262161255,0.9076350083918944,16670,1083,0.44454171905035655,0.33095768374164813,0.6860572483841182,0.4465144230769231,0.09636235324308719,0.3139427516158818
1,graphsage,local93,test,0.9082275629043579,0.8925177351633166,16670,1083,0.362359600251275,0.3309024612579763,0.6703601108033241,0.4430881904180653,0.09418104830948867,0.3296398891966759
2,graphsage,local93,test,0.8774999380111694,0.8863662660694056,16670,1083,0.33193620417766784,0.296,0.6832871652816251,0.41306168015629363,0.11291460832745237,0.31671283471837486
3,graphsage,local93,test,0.8871451616287231,0.8787275110108975,16670,1083,0.35352752647313324,0.3522898842476095,0.6463527239150508,0.45602605863192186,0.08256880733944955,0.3536472760849492
4,graphsage,local93,test,0.8534137010574341,0.9087294706531598,16670,1083,0.4615046342158996,0.3575873623743418,0.6897506925207756,0.4709962168978562,0.08609738884968243,0.31024930747922436
5,graphsage,local93,test,0.8950070142745972,0.8627865905031593,16670,1083,0.36215056680226526,0.3334870848708487,0.667590027700831,0.4447862196247308,0.09270545967793674,0.33240997229916897
6,graphsage,local93,test,0.9049637913703918,0.903430981317585,16670,1083,0.3329586333598071,0.34218009478672984,0.6666666666666666,0.4522392734105856,0.08904856611278629,0.3333333333333333
7,graphsage,local93,test,0.858102560043335,0.8844605142506146,16670,1083,0.3110060846340792,0.2626680455015512,0.703601108033241,0.3825301204819277,0.1372297427343299,0.296398891966759
8,graphsage,local93,test,0.877111554145813,0.8884558997403541,16670,1083,0.373540250816192,0.30618892508143325,0.6943674976915974,0.42497880757276063,0.1093218707897607,0.3056325023084026
9,graphsage,local93,test,0.8924513459205627,0.8900152418657163,16670,1083,0.36381173006319567,0.3120833333333333,0.6915974145891043,0.43008900373241454,0.10592160133444536,0.30840258541089566
0,xgboost,local93,test,0.6530721783638,0.9833452949742374,16670,1083,0.7439830539561424,0.7294238683127572,0.65466297322253,0.6900243309002433,0.016873035221659075,0.34533702677746997
1,xgboost,local93,test,0.6014207601547241,0.9819861103793336,16670,1083,0.7443185263515892,0.6984585741811176,0.6694367497691598,0.6836397925506836,0.020080836594598063,0.33056325023084027
2,xgboost,local93,test,0.4986545443534851,0.9836057349756643,16670,1083,0.7445636565615154,0.6902738432483475,0.6749769159741459,0.6825396825396826,0.021043177006479757,0.3250230840258541
3,xgboost,local93,test,0.5793610215187073,0.9841204971790107,16670,1083,0.7476424831182058,0.7352342158859471,0.6666666666666666,0.699273607748184,0.016680567139282735,0.3333333333333333
4,xgboost,local93,test,0.5998035669326782,0.983621198403408,16670,1083,0.7443726673608755,0.6884469696969697,0.6712834718374885,0.6797568957456757,0.02110733303393854,0.32871652816251157
5,xgboost,local93,test,0.6140344142913818,0.9858469908511324,16670,1083,0.7564038376064258,0.6808118081180812,0.6814404432132964,0.6811259806183664,0.022197985500737795,0.3185595567867036
6,xgboost,local93,test,0.7739803194999695,0.9835573980066705,16670,1083,0.740239920115935,0.8710888610763454,0.6426592797783933,0.7396386822529225,0.006608070828254315,0.3573407202216066
7,xgboost,local93,test,0.7010329961776733,0.9839418513701595,16670,1083,0.741941756060963,0.8132250580046404,0.6472760849492152,0.7208226221079691,0.01032912042086354,0.3527239150507849
8,xgboost,local93,test,0.7563480138778687,0.9858579121542629,16670,1083,0.7491831590707281,0.8405797101449275,0.6426592797783933,0.728414442700157,0.008468595624558928,0.3573407202216066
9,xgboost,local93,test,0.7008177638053894,0.9846199506874582,16670,1083,0.7445129298216556,0.8055235903337169,0.6463527239150508,0.7172131147540983,0.010842368640533779,0.3536472760849492
