seed,model,feature_set,shift_type,level,level_num,underpowered,n,n_illicit,aucpr,precision,recall,f1,fpr_licit,fnr
0,gcn,all165,temporal,35-42,,False,9983.0,914.0,0.49100263601878447,0.5456919060052219,0.4573304157549234,0.49761904761904757,0.03837247767118756,0.5426695842450766
0,gcn,all165,temporal,43-49,,False,6687.0,169.0,0.04814429960479247,0.03382663847780127,0.09467455621301775,0.04984423676012461,0.07011353175820804,0.9053254437869822
0,gcn,all165,activity,original,0.34889022195560887,False,16670.0,1083.0,0.345471266489378,0.3502824858757062,0.4007386888273315,0.3738156761412575,0.0516456021043177,0.5992613111726686
0,gcn,all165,activity,0.25,0.25,False,16670.0,1083.0,0.3474329413802552,0.34595681055606176,0.40897045244690683,0.3747743670958984,0.05372874831590428,0.5910295475530932
0,gcn,all165,activity,0.50,0.5,False,16670.0,1083.0,0.3221633490338461,0.3361706364673327,0.35429824561403506,0.3449316777343686,0.04862609867197023,0.6457017543859649
0,gcn,all165,activity,0.75,0.75,False,16670.0,1083.0,0.29698104638698725,0.3294326286794789,0.3033379501385041,0.3157805898197033,0.042911400526079425,0.6966620498614958
0,gcn,all165,prevalence,0.5x,0.5,False,16670.0,542.0,0.22618408693658065,0.20643484806722157,0.39895756457564574,0.27203875585752174,0.051554439484126975,0.6010424354243543
0,gcn,all165,prevalence,1.0x,1.0,False,16670.0,1083.0,0.3465799715023502,0.35111548304802165,0.40104801477377655,0.3743678581614901,0.05150477962404569,0.5989519852262234
0,gcn,all165,prevalence,2.0x,2.0,False,16670.0,2166.0,0.49478955834273647,0.5365867480580985,0.4001915974145891,0.45840238918491477,0.05161851902923332,0.5998084025854109
0,gcn,all165,prevalence,4.0x,4.0,False,16670.0,4332.0,0.6650612869965896,0.731739448580247,0.40018813481071097,0.5173751958317079,0.05151928999837899,0.5998118651892891
1,gcn,all165,temporal,35-42,,False,9983.0,914.0,0.37426140822268794,0.4080357142857143,0.5,0.4493608652900688,0.07310618590803837,0.5
1,gcn,all165,temporal,43-49,,False,6687.0,169.0,0.042053826987425644,0.033707865168539325,0.03550295857988166,0.0345821325648415,0.026388462718625345,0.9644970414201184
1,gcn,all165,activity,original,0.34889022195560887,False,16670.0,1083.0,0.29209048230449797,0.35670261941448383,0.4275161588180979,0.3889122217555649,0.053570282928081095,0.5724838411819021
1,gcn,all165,activity,0.25,0.25,False,16670.0,1083.0,0.2965359920694597,0.3561182416194768,0.4341782086795938,0.3912399570246671,0.05455090780778854,0.5658217913204063
1,gcn,all165,activity,0.50,0.5,False,16670.0,1083.0,0.2723529457895222,0.3386524869257964,0.3833333333333333,0.35954646844616356,0.05203182138961956,0.6166666666666667
1,gcn,all165,activity,0.75,0.75,False,16670.0,1083.0,0.24765969169286017,0.32001890987760356,0.33575715604801476,0.3276484571245382,0.04958266504138064,0.6642428439519853
1,gcn,all165,prevalence,0.5x,0.5,False,16670.0,542.0,0.17522199436621244,0.2126082082938992,0.42921586715867166,0.28430827805922493,0.05343874007936508,0.5707841328413283
1,gcn,all165,prevalence,1.0x,1.0,False,16670.0,1083.0,0.29312204454887164,0.35770259392750076,0.4280840258541089,0.38968334565093266,0.05342112016423943,0.571915974145891
1,gcn,all165,prevalence,2.0x,2.0,False,16670.0,2166.0,0.45412536250148267,0.5433419448455815,0.428005540166205,0.47878250686330676,0.05373069498069498,0.571994459833795
1,gcn,all165,prevalence,4.0x,4.0,False,16670.0,4332.0,0.6411288103579886,0.7370743552795517,0.4273453370267775,0.5409821817645805,0.05352893499756849,0.5726546629732225
2,gcn,all165,temporal,35-42,,False,9983.0,914.0,0.3918522768534554,0.45085995085995084,0.40153172866520787,0.4247685185185185,0.049288785974197814,0.5984682713347921
2,gcn,all165,temporal,43-49,,False,6687.0,169.0,0.04034356290971831,0.019230769230769232,0.0650887573964497,0.02968960863697706,0.08606934642528383,0.9349112426035503
2,gcn,all165,activity,original,0.34889022195560887,False,16670.0,1083.0,0.25954806481376,0.2727272727272727,0.3490304709141274,0.30619684082624543,0.06466927567844999,0.6509695290858726
2,gcn,all165,activity,0.25,0.25,False,16670.0,1083.0,0.25909760517505587,0.27102739443031715,0.3555817174515235,0.30755751236370016,0.06645858728427535,0.6444182825484766
2,gcn,all165,activity,0.50,0.5,False,16670.0,1083.0,0.2401390841190901,0.25463327799917096,0.3079409048938135,0.27872721495294395,0.06264066209020337,0.6920590951061866
2,gcn,all165,activity,0.75,0.75,False,16670.0,1083.0,0.21880133236210297,0.23487077983093152,0.2598245614035088,0.2466744851161984,0.058821132995444926,0.7401754385964914
2,gcn,all165,prevalence,0.5x,0.5,False,16670.0,542.0,0.15737607262483247,0.1539028069081903,0.34926199261992613,0.21362788651889542,0.06453497023809524,0.6507380073800738
2,gcn,all165,prevalence,1.0x,1.0,False,16670.0,1083.0,0.2613409636815458,0.2733466031340329,0.3496768236380424,0.3067881429897015,0.06460511965099121,0.6503231763619575
2,gcn,all165,prevalence,2.0x,2.0,False,16670.0,2166.0,0.4067243474415064,0.4460568090352786,0.3490304709141274,0.3915773620053908,0.06473662437948152,0.6509695290858727
2,gcn,all165,prevalence,4.0x,4.0,False,16670.0,4332.0,0.5915983995286095,0.6534608756200844,0.34930747922437677,0.45522425660857463,0.06504579348354676,0.6506925207756232
3,gcn,all165,temporal,35-42,,False,9983.0,914.0,0.3957982836972763,0.5428571428571428,0.31181619256017507,0.39610840861709523,0.026463777704267284,0.688183807439825
3,gcn,all165,temporal,43-49,,False,6687.0,169.0,0.03940189075801453,0.02617801047120419,0.029585798816568046,0.027777777777777776,0.028536360846885548,0.9704142011834319
3,gcn,all165,activity,original,0.34889022195560887,False,16670.0,1083.0,0.2796542955763121,0.40502793296089384,0.2677746999076639,0.32240133407448585,0.027330467697440176,0.7322253000923361
3,gcn,all165,activity,0.25,0.25,False,16670.0,1083.0,0.2857697595934143,0.40694456293735654,0.2730747922437673,0.3267465864033693,0.02765285173542054,0.7269252077562328
3,gcn,all165,activity,0.50,0.5,False,16670.0,1083.0,0.2491019429509469,0.38674470088210616,0.24237765466297326,0.2979040819547301,0.02670719189067813,0.7576223453370268
3,gcn,all165,activity,0.75,0.75,False,16670.0,1083.0,0.21426776087962224,0.3620744232901643,0.21007386888273316,0.26580187076911427,0.025723679989735036,0.7899261311172668
3,gcn,all165,prevalence,0.5x,0.5,False,16670.0,542.0,0.1758315909522001,0.2488609041037811,0.2682564575645756,0.2580852639858111,0.02721664186507937,0.7317435424354244
3,gcn,all165,prevalence,1.0x,1.0,False,16670.0,1083.0,0.2812283872079347,0.40573603244410633,0.26699445983379505,0.32195436367339414,0.027178738692500162,0.733005540166205
3,gcn,all165,prevalence,2.0x,2.0,False,16670.0,2166.0,0.4264599938856778,0.5950034603597605,0.2682871652816251,0.36975858713049176,0.02727902647545505,0.7317128347183748
3,gcn,all165,prevalence,4.0x,4.0,False,16670.0,4332.0,0.6033425510238465,0.7741024176215238,0.267143351800554,0.3971669602094762,0.027377613875830768,0.732856648199446
4,gcn,all165,temporal,35-42,,False,9983.0,914.0,0.4436566818228767,0.4721030042918455,0.4814004376367615,0.4767063921993499,0.05425074429374793,0.5185995623632386
4,gcn,all165,temporal,43-49,,False,6687.0,169.0,0.05503288930252589,0.04081632653061224,0.023668639053254437,0.029962546816479398,0.014421601718318503,0.9763313609467456
4,gcn,all165,activity,original,0.34889022195560887,False,16670.0,1083.0,0.3667469776878602,0.43106796116504853,0.4099722991689751,0.42025556081400844,0.037595432090844934,0.590027700831025
4,gcn,all165,activity,0.25,0.25,False,16670.0,1083.0,0.36929295740452817,0.4238163878150523,0.41524007386888273,0.41941597109139633,0.03923590171296593,0.5847599261311173
4,gcn,all165,activity,0.50,0.5,False,16670.0,1083.0,0.3443785011615434,0.4205685024626877,0.36899353647276084,0.3930070484243785,0.035335856803746714,0.6310064635272391
4,gcn,all165,activity,0.75,0.75,False,16670.0,1083.0,0.31803180165180356,0.41917519181252433,0.32270083102493075,0.3645700691329117,0.031080708282543147,0.6772991689750693
4,gcn,all165,prevalence,0.5x,0.5,False,16670.0,542.0,0.24116085177453306,0.2683434682423779,0.4101476014760148,0.3243558951203699,0.03760478670634921,0.5898523985239852
4,gcn,all165,prevalence,1.0x,1.0,False,16670.0,1083.0,0.36816811613632844,0.4315167110709549,0.41023545706371195,0.42052959712988114,0.03756335407711554,0.5897645429362881
4,gcn,all165,prevalence,2.0x,2.0,False,16670.0,2166.0,0.5213837550163634,0.6192344938246513,0.41022853185595565,0.49343995831571164,0.037685810810810814,0.5897714681440444
4,gcn,all165,prevalence,4.0x,4.0,False,16670.0,4332.0,0.6880424065792633,0.7935126514078032,0.40967220683287164,0.5403317027062449,0.0374298913924461,0.5903277931671284
5,gcn,all165,temporal,35-42,,False,9983.0,914.0,0.3493970871604841,0.4126436781609195,0.3927789934354486,0.4024663677130045,0.056345793362002426,0.6072210065645515
5,gcn,all165,temporal,43-49,,False,6687.0,169.0,0.03832319437699525,0.013869625520110958,0.05917159763313609,0.022471910112359553,0.10908254065664315,0.9408284023668639
5,gcn,all165,activity,original,0.34889022195560887,False,16670.0,1083.0,0.2039974722412285,0.23192960402262727,0.3407202216066482,0.27599102468212416,0.07839866555462886,0.6592797783933518
5,gcn,all165,activity,0.25,0.25,False,16670.0,1083.0,0.20389210239800126,0.23182447655416497,0.3470498614958448,0.2779274695205059,0.07991916340540194,0.6529501385041552
5,gcn,all165,activity,0.50,0.5,False,16670.0,1083.0,0.1921100521718443,0.2159247550433655,0.3031578947368421,0.2521782461152898,0.0765083082055559,0.6968421052631578
5,gcn,all165,activity,0.75,0.75,False,16670.0,1083.0,0.180139802917409,0.19819102000659458,0.2586657433056325,0.22438891256508942,0.07272214024507603,0.7413342566943675
5,gcn,all165,prevalence,0.5x,0.5,False,16670.0,542.0,0.11328937889114926,0.1271044963771726,0.3399169741697417,0.1849999972746968,0.07845517113095238,0.6600830258302582
5,gcn,all165,prevalence,1.0x,1.0,False,16670.0,1083.0,0.20487600401167883,0.2321254089809043,0.3415420129270545,0.2763595845604978,0.07852024122666325,0.6584579870729454
5,gcn,all165,prevalence,2.0x,2.0,False,16670.0,2166.0,0.3494111285237449,0.3945336749818682,0.34139889196675893,0.36600529502479007,0.07824875896304467,0.6586011080332409
5,gcn,all165,prevalence,4.0x,4.0,False,16670.0,4332.0,0.5446597104533645,0.6046381448034343,0.34091297322253,0.43596434368251347,0.07827484195169396,0.65908702677747
6,gcn,all165,temporal,35-42,,False,9983.0,914.0,0.359978683161292,0.47310126582278483,0.32713347921225383,0.3868046571798189,0.03671849156467086,0.6728665207877462
6,gcn,all165,temporal,43-49,,False,6687.0,169.0,0.047903073152029275,0.023809523809523808,0.011834319526627219,0.015810276679841896,0.012580546179809757,0.9881656804733728
6,gcn,all165,activity,original,0.34889022195560887,False,16670.0,1083.0,0.28720860897963313,0.420391061452514,0.27793167128347185,0.33463035019455256,0.0266247513953936,0.7220683287165282
6,gcn,all165,activity,0.25,0.25,False,16670.0,1083.0,0.29313970509825504,0.4220665568680251,0.28087257617728534,0.3372110197979973,0.026734778982485406,0.7191274238227146
6,gcn,all165,activity,0.50,0.5,False,16670.0,1083.0,0.27303067952321614,0.4119438653572089,0.26626038781163436,0.32335808389604465,0.02641624430615256,0.7337396121883657
6,gcn,all165,activity,0.75,0.75,False,16670.0,1083.0,0.25237814098771627,0.39804074968786113,0.24851338873499537,0.3058934343496728,0.026124975941489704,0.7514866112650046
6,gcn,all165,prevalence,0.5x,0.5,False,16670.0,542.0,0.1711260104657297,0.25860959596179023,0.2765682656826568,0.2671878893956856,0.02666201636904762,0.7234317343173431
6,gcn,all165,prevalence,1.0x,1.0,False,16670.0,1083.0,0.28976552510634884,0.4215617800668511,0.2789935364727609,0.3356598213693054,0.02661192018990184,0.7210064635272392
6,gcn,all165,prevalence,2.0x,2.0,False,16670.0,2166.0,0.44583041126370604,0.609121347404272,0.2778047091412742,0.3815146990737686,0.026626103143960286,0.7221952908587258
6,gcn,all165,prevalence,4.0x,4.0,False,16670.0,4332.0,0.6308492688547528,0.7853928135735724,0.2776892890120037,0.4102651043268247,0.026645323391149292,0.7223107109879965
7,gcn,all165,temporal,35-42,,False,9983.0,914.0,0.3414824368763265,0.349507735583685,0.5437636761487965,0.425513698630137,0.1019958099018635,0.4562363238512035
7,gcn,all165,temporal,43-49,,False,6687.0,169.0,0.04269226834760147,0.02434782608695652,0.16568047337278108,0.04245640636846096,0.17213869285056765,0.834319526627219
7,gcn,all165,activity,original,0.34889022195560887,False,16670.0,1083.0,0.2027539397966191,0.2041213063763608,0.48476454293628807,0.2872777017783858,0.13132738820812215,0.5152354570637119
7,gcn,all165,activity,0.25,0.25,False,16670.0,1083.0,0.20161550445350188,0.204396291080187,0.49390581717451526,0.289121760257793,0.13359241675755437,0.5060941828254848
7,gcn,all165,activity,0.50,0.5,False,16670.0,1083.0,0.1857396324712829,0.1873312861771023,0.4257663896583564,0.2601677945238068,0.12835054853403477,0.5742336103416436
7,gcn,all165,activity,0.75,0.75,False,16670.0,1083.0,0.17090822593810942,0.16954245818472444,0.3618744228993536,0.23088776383095344,0.12317411945852313,0.6381255771006464
7,gcn,all165,prevalence,0.5x,0.5,False,16670.0,542.0,0.11206852597849037,0.11028808052442401,0.48325645756457564,0.1795814993963705,0.13103577628968255,0.5167435424354244
7,gcn,all165,prevalence,1.0x,1.0,False,16670.0,1083.0,0.20371712414431514,0.20416188205713617,0.48554016620498613,0.2874355368495083,0.1315288381343427,0.5144598337950138
7,gcn,all165,prevalence,2.0x,2.0,False,16670.0,2166.0,0.34749403861001554,0.35498171470636747,0.4849376731301939,0.4098833946506457,0.13159749034749033,0.5150623268698061
7,gcn,all165,prevalence,4.0x,4.0,False,16670.0,4332.0,0.5455184584445177,0.5650477207360761,0.4851846722068329,0.5220582167701007,0.13113835305560056,0.5148153277931672
8,gcn,all165,temporal,35-42,,False,9983.0,914.0,0.4443482301239456,0.4820065430752454,0.48358862144420134,0.482796286182414,0.052376226706362335,0.5164113785557987
8,gcn,all165,temporal,43-49,,False,6687.0,169.0,0.046228444312016934,0.045454545454545456,0.029585798816568046,0.035842293906810034,0.016109235961951518,0.9704142011834319
8,gcn,all165,activity,original,0.34889022195560887,False,16670.0,1083.0,0.3538924934324103,0.4352482960077897,0.41274238227146814,0.4236966824644549,0.037210495926092255,0.5872576177285319
8,gcn,all165,activity,0.25,0.25,False,16670.0,1083.0,0.3591160952470144,0.43280276880639584,0.41988457987072947,0.4261802674729246,0.03823955860653108,0.5801154201292705
8,gcn,all165,activity,0.50,0.5,False,16670.0,1083.0,0.3278436990160342,0.4193246509344749,0.3707017543859649,0.3934375823865676,0.03567492140886636,0.629298245614035
8,gcn,all165,activity,0.75,0.75,False,16670.0,1083.0,0.29780948607326946,0.40606318708087635,0.3243120960295475,0.3605224336418499,0.032983255276833254,0.6756879039704523
8,gcn,all165,prevalence,0.5x,0.5,False,16670.0,542.0,0.22596136003764278,0.2724542571488158,0.41360701107011066,0.3284262063582175,0.03713789682539683,0.5863929889298893
8,gcn,all165,prevalence,1.0x,1.0,False,16670.0,1083.0,0.3556470992344823,0.43534537643994137,0.4136472760849492,0.42414433726527984,0.03728972862000385,0.5863527239150508
8,gcn,all165,prevalence,2.0x,2.0,False,16670.0,2166.0,0.5124057986065768,0.6228589548256421,0.4123107109879963,0.49611814096085327,0.037293505239933813,0.5876892890120037
8,gcn,all165,prevalence,4.0x,4.0,False,16670.0,4332.0,0.6841483149155714,0.7949313761793522,0.41224722991689755,0.5428981730106677,0.03734195169395364,0.5877527700831024
9,gcn,all165,temporal,35-42,,False,9983.0,914.0,0.4513458795839287,0.36765634870499053,0.6367614879649891,0.46615939126952344,0.11037600617488147,0.36323851203501095
9,gcn,all165,temporal,43-49,,False,6687.0,169.0,0.03545595481788468,0.02205177372962608,0.13609467455621302,0.037953795379537955,0.15648972077324333,0.863905325443787
9,gcn,all165,activity,original,0.34889022195560887,False,16670.0,1083.0,0.29220035820737944,0.2303884234577304,0.5586334256694367,0.32623348611485575,0.12965933149419387,0.44136657433056325
9,gcn,all165,activity,0.25,0.25,False,16670.0,1083.0,0.2907028908606045,0.22949266752692357,0.5681671283471837,0.32691557696751494,0.13256207095656636,0.43183287165281625
9,gcn,all165,activity,0.50,0.5,False,16670.0,1083.0,0.26712697594985646,0.2146362691956718,0.49606648199445985,0.2996093254784356,0.1261355616860204,0.5039335180055402
9,gcn,all165,activity,0.75,0.75,False,16670.0,1083.0,0.2423238779386346,0.19737496752770636,0.42439519852262236,0.26941857683021747,0.11991691794444088,0.5756048014773776
9,gcn,all165,prevalence,0.5x,0.5,False,16670.0,542.0,0.177892722259726,0.1266755182725608,0.5595940959409593,0.2065753168828968,0.12967695932539683,0.44040590405904056
9,gcn,all165,prevalence,1.0x,1.0,False,16670.0,1083.0,0.293469671264952,0.23007933747041776,0.5591089566020314,0.3259855446309686,0.13000449092192212,0.44089104339796864
9,gcn,all165,prevalence,2.0x,2.0,False,16670.0,2166.0,0.4504486676164319,0.39205523317583085,0.5595152354570636,0.4610261751846799,0.12958632101489242,0.4404847645429363
9,gcn,all165,prevalence,4.0x,4.0,False,16670.0,4332.0,0.6346421717946696,0.6027220579659551,0.5588469529085873,0.5799363487825552,0.1293475441724753,0.4411530470914128
0,graphsage,all165,temporal,35-42,,False,9983.0,914.0,0.5483824947966165,0.5009578544061303,0.5722100656455142,0.5342185903983657,0.057448450766346894,0.42778993435448576
0,graphsage,all165,temporal,43-49,,False,6687.0,169.0,0.03478406835568814,0.020689655172413793,0.01775147928994083,0.01910828025477707,0.021785823872353484,0.9822485207100592
0,graphsage,all165,activity,original,0.34889022195560887,False,16670.0,1083.0,0.4215138913625204,0.44238856181665265,0.4856879039704525,0.46302816901408456,0.042535446205170975,0.5143120960295475
0,graphsage,all165,activity,0.25,0.25,False,16670.0,1083.0,0.41508290373697754,0.4251533814879486,0.49847645429362886,0.458835610259533,0.04684865593122474,0.5015235457063713
0,graphsage,all165,activity,0.50,0.5,False,16670.0,1083.0,0.3863366497552155,0.4343442227891437,0.40621883656509694,0.4197359988204949,0.03676685699621479,0.5937811634349031
0,graphsage,all165,activity,0.75,0.75,False,16670.0,1083.0,0.3565949319366764,0.4535859768216459,0.31670360110803325,0.37287511072903107,0.02652306409187143,0.6832963988919668
0,graphsage,all165,prevalence,0.5x,0.5,False,16670.0,542.0,0.2922774689180987,0.27739203999328077,0.48584870848708483,0.3530799438376227,0.04255332341269842,0.514151291512915
0,graphsage,all165,prevalence,1.0x,1.0,False,16670.0,1083.0,0.4241664225612691,0.44262881069334625,0.4866805170821792,0.4635321136069733,0.042593828190158466,0.5133194829178209
0,graphsage,all165,prevalence,2.0x,2.0,False,16670.0,2166.0,0.5682049871849643,0.6306894530441111,0.48536241920590956,0.5484998823900264,0.04245001378929951,0.5146375807940905
0,graphsage,all165,prevalence,4.0x,4.0,False,16670.0,4332.0,0.7197734254439149,0.8004401764147837,0.48528739612188376,0.6042057222596551,0.042486221429729285,0.5147126038781162
1,graphsage,all165,temporal,35-42,,False,9983.0,914.0,0.5035633924366955,0.48251121076233183,0.5886214442013129,0.5303104977821588,0.06362333223067593,0.4113785557986871
1,graphsage,all165,temporal,43-49,,False,6687.0,169.0,0.03388737852181281,0.023255813953488372,0.023668639053254437,0.02346041055718475,0.02577477753912243,0.9763313609467456
1,graphsage,all165,activity,original,0.34889022195560887,False,16670.0,1083.0,0.3812383378315851,0.4211344211344211,0.5004616805170822,0.4573839662447257,0.047796240456790914,0.4995383194829178
1,graphsage,all165,activity,0.25,0.25,False,16670.0,1083.0,0.3727439631142906,0.4043323910969414,0.5118467220683287,0.451731883003288,0.052404888689292356,0.48815327793167124
1,graphsage,all165,activity,0.50,0.5,False,16670.0,1083.0,0.35648972994028294,0.41882720139327106,0.42625577100646356,0.4224319245113395,0.041118560338743816,0.5737442289935365
1,graphsage,all165,activity,0.75,0.75,False,16670.0,1083.0,0.3406024907285474,0.44387105755012984,0.34028162511542015,0.3851458736523171,0.029633348303073074,0.65971837488458
1,graphsage,all165,prevalence,0.5x,0.5,False,16670.0,542.0,0.25425830341778843,0.26174221354903904,0.4996771217712177,0.34346527931453463,0.04738467261904762,0.5003228782287823
1,graphsage,all165,prevalence,1.0x,1.0,False,16670.0,1083.0,0.3822900441512788,0.4212903261470654,0.49995383194829174,0.45720806540769865,0.04773272598960673,0.5000461680517083
1,graphsage,all165,prevalence,2.0x,2.0,False,16670.0,2166.0,0.535019857391854,0.610731187426732,0.49988919667590026,0.5497219504631233,0.047597559293987866,0.5001108033240997
1,graphsage,all165,prevalence,4.0x,4.0,False,16670.0,4332.0,0.6974037299931893,0.7865553574935845,0.5006509695290859,0.6118205026839827,0.04770992057059491,0.49934903047091417
2,graphsage,all165,temporal,35-42,,False,9983.0,914.0,0.5694330195952858,0.5061147695202258,0.5886214442013129,0.5442589782498735,0.057889513728084686,0.4113785557986871
2,graphsage,all165,temporal,43-49,,False,6687.0,169.0,0.03262255914951689,0.019736842105263157,0.01775147928994083,0.018691588785046728,0.022859772936483586,0.9822485207100592
2,graphsage,all165,activity,original,0.34889022195560887,False,16670.0,1083.0,0.4257714620655379,0.44526748971193414,0.4995383194829178,0.4708442123585727,0.04324116250721755,0.5004616805170822
2,graphsage,all165,activity,0.25,0.25,False,16670.0,1083.0,0.42244632306074287,0.4274680187962248,0.5117405355493999,0.4657598519408296,0.047638416629242314,0.48825946445060014
2,graphsage,all165,activity,0.50,0.5,False,16670.0,1083.0,0.38426201987211356,0.4429887210698682,0.41961218836565095,0.43091298932004124,0.0366719060755758,0.580387811634349
2,graphsage,all165,activity,0.75,0.75,False,16670.0,1083.0,0.3424993189032619,0.4630540222377065,0.3264219759926131,0.3828064078454449,0.026316160903316867,0.6735780240073868
2,graphsage,all165,prevalence,0.5x,0.5,False,16670.0,542.0,0.2971326044080252,0.28038154496093315,0.4984870848708487,0.35882351147274494,0.04300998263888888,0.5015129151291514
2,graphsage,all165,prevalence,1.0x,1.0,False,16670.0,1083.0,0.42794405169021205,0.4477415506523126,0.5012742382271468,0.47292333097879136,0.04297523577340092,0.49872576177285316
2,graphsage,all165,prevalence,2.0x,2.0,False,16670.0,2166.0,0.5714551809061507,0.633981260080597,0.5006509695290859,0.5594302365179084,0.04317602040816327,0.4993490304709141
2,graphsage,all165,prevalence,4.0x,4.0,False,16670.0,4332.0,0.7198656406120421,0.8021028644796624,0.49962950138504153,0.6156948032443679,0.04328902577403145,0.5003704986149584
3,graphsage,all165,temporal,35-42,,False,9983.0,914.0,0.4912741968634208,0.4841351074718526,0.5175054704595186,0.5002644103648862,0.055573933178961296,0.4824945295404814
3,graphsage,all165,temporal,43-49,,False,6687.0,169.0,0.03495304599618456,0.017857142857142856,0.01775147928994083,0.017804154302670624,0.025314513654495243,0.9822485207100592
3,graphsage,all165,activity,original,0.34889022195560887,False,16670.0,1083.0,0.3836434464481774,0.41572052401746723,0.43951985226223456,0.42728904847396765,0.042920382369923654,0.5604801477377654
3,graphsage,all165,activity,0.25,0.25,False,16670.0,1083.0,0.3769088254370183,0.3951445080666772,0.4523130193905817,0.42173385204959685,0.048123115416693396,0.5476869806094183
3,graphsage,all165,activity,0.50,0.5,False,16670.0,1083.0,0.35499247010693674,0.4119390579703429,0.3615096952908587,0.3850164120388383,0.03586867261179187,0.6384903047091413
3,graphsage,all165,activity,0.75,0.75,False,16670.0,1083.0,0.3385361016713712,0.4461550928016855,0.2728624192059095,0.3385210220871923,0.023547828318470517,0.7271375807940905
3,graphsage,all165,prevalence,0.5x,0.5,False,16670.0,542.0,0.26633611344697256,0.2572749618582838,0.44263837638376385,0.32534360256096007,0.04295913938492063,0.5573616236162361
3,graphsage,all165,prevalence,1.0x,1.0,False,16670.0,1083.0,0.38301064011080305,0.41451940477282745,0.43891043397968604,0.42629242489850483,0.043083980239943545,0.561089566020314
3,graphsage,all165,prevalence,2.0x,2.0,False,16670.0,2166.0,0.5311085274906513,0.6051540786854556,0.4404847645429363,0.5098013163446407,0.04293401820187535,0.5595152354570637
3,graphsage,all165,prevalence,4.0x,4.0,False,16670.0,4332.0,0.6896929372755087,0.7824714659913579,0.4392763157894737,0.5626340843675891,0.04288215269897876,0.5607236842105263
4,graphsage,all165,temporal,35-42,,False,9983.0,914.0,0.5256803958462835,0.4869158878504673,0.5700218818380745,0.5252016129032259,0.060535891498511414,0.4299781181619256
4,graphsage,all165,temporal,43-49,,False,6687.0,169.0,0.03591032529225898,0.01282051282051282,0.011834319526627219,0.012307692307692306,0.023626879410862226,0.9881656804733728
4,graphsage,all165,activity,original,0.34889022195560887,False,16670.0,1083.0,0.4146819882743198,0.4265905383360522,0.48291782086795937,0.45300996102208746,0.04510168730352217,0.5170821791320406
4,graphsage,all165,activity,0.25,0.25,False,16670.0,1083.0,0.41015767629058375,0.41197547756713576,0.49739612188365656,0.45061448038677854,0.0493430422788221,0.5026038781163435
4,graphsage,all165,activity,0.50,0.5,False,16670.0,1083.0,0.37431450437299885,0.41053121165398976,0.39297783933518005,0.40149147979774447,0.03922435362802335,0.60702216066482
4,graphsage,all165,activity,0.75,0.75,False,16670.0,1083.0,0.3390898742378199,0.41174379492650326,0.2926777469990766,0.3420685504934302,0.029068775261435812,0.7073222530009233
4,graphsage,all165,prevalence,0.5x,0.5,False,16670.0,542.0,0.29377642883800337,0.2647814723484553,0.4818265682656827,0.34168258033929866,0.0449835689484127,0.5181734317343174
4,graphsage,all165,prevalence,1.0x,1.0,False,16670.0,1083.0,0.41467928193503567,0.42632328208430564,0.48174515235457066,0.45226723955388903,0.0450574196445756,0.5182548476454294
4,graphsage,all165,prevalence,2.0x,2.0,False,16670.0,2166.0,0.5587736538423138,0.6151157384939393,0.48211911357340725,0.5405129970153519,0.045057915057915066,0.5178808864265928
4,graphsage,all165,prevalence,4.0x,4.0,False,16670.0,4332.0,0.7121487073366443,0.7902780100676015,0.4838111726685133,0.6001533999797591,0.04508550818609175,0.5161888273314866
5,graphsage,all165,temporal,35-42,,False,9983.0,914.0,0.481323280346609,0.47473867595818814,0.5962800875273523,0.5286129970902037,0.06649024148197155,0.4037199124726477
5,graphsage,all165,temporal,43-49,,False,6687.0,169.0,0.03710796041390174,0.0330188679245283,0.04142011834319527,0.03674540682414698,0.03145136544952439,0.9585798816568047
5,graphsage,all165,activity,original,0.34889022195560887,False,16670.0,1083.0,0.36955082016836877,0.40588235294117647,0.5096952908587258,0.4519033974621367,0.05183807018669404,0.4903047091412742
5,graphsage,all165,activity,0.25,0.25,False,16670.0,1083.0,0.3611394325450523,0.39292584344680975,0.5182917820867959,0.44692643557043993,0.05565503304035414,0.48170821791320406
5,graphsage,all165,activity,0.50,0.5,False,16670.0,1083.0,0.35278766803070966,0.40023686822704363,0.442797783933518,0.420374663617069,0.0461249759414897,0.5572022160664819
5,graphsage,all165,activity,0.75,0.75,False,16670.0,1083.0,0.346034976531398,0.41397230570892146,0.36585410895660203,0.3883456901333646,0.035996343106434854,0.6341458910433979
5,graphsage,all165,prevalence,0.5x,0.5,False,16670.0,542.0,0.2465349571779164,0.24922305959761723,0.5100738007380073,0.33478612273660885,0.051668216765873014,0.48992619926199266
5,graphsage,all165,prevalence,1.0x,1.0,False,16670.0,1083.0,0.37149921318898776,0.40681013885615863,0.5104478301015697,0.4527054056945272,0.05173734522358376,0.4895521698984303
5,graphsage,all165,prevalence,2.0x,2.0,False,16670.0,2166.0,0.5226174392310032,0.5947005022505227,0.5087603878116344,0.5483280161256471,0.051795022062879205,0.4912396121883657
5,graphsage,all165,prevalence,4.0x,4.0,False,16670.0,4332.0,0.6900986371997382,0.7748601987969321,0.5106163434903047,0.615552370893056,0.052095558437348026,0.4893836565096953
6,graphsage,all165,temporal,35-42,,False,9983.0,914.0,0.6141915440921023,0.49068825910931174,0.6630196936542669,0.5639832480223359,0.06935715073326718,0.33698030634573306
6,graphsage,all165,temporal,43-49,,False,6687.0,169.0,0.03359208900132658,0.013392857142857142,0.01775147928994083,0.015267175572519083,0.03390610616753605,0.9822485207100592
6,graphsage,all165,activity,original,0.34889022195560887,False,16670.0,1083.0,0.47394532382325605,0.4174091843728581,0.5623268698060941,0.47915027537372146,0.05453262333996279,0.4376731301939058
6,graphsage,all165,activity,0.25,0.25,False,16670.0,1083.0,0.4733269468184978,0.4022510639005861,0.5755817174515235,0.4734900513625678,0.0594530698659139,0.4244182825484765
6,graphsage,all165,activity,0.50,0.5,False,16670.0,1083.0,0.42177473376774743,0.40786876562396274,0.4722853185595568,0.4376576628609067,0.04766439982036312,0.5277146814404432
6,graphsage,all165,activity,0.75,0.75,False,16670.0,1083.0,0.3710337107323597,0.4184052834320832,0.37162049861495844,0.3935520217425528,0.035903637646756914,0.6283795013850415
6,graphsage,all165,prevalence,0.5x,0.5,False,16670.0,542.0,0.352977810871144,0.2583746559356153,0.5646309963099632,0.3544793769802334,0.05447730654761905,0.4353690036900369
6,graphsage,all165,prevalence,1.0x,1.0,False,16670.0,1083.0,0.47507260644988436,0.41722350623481824,0.5624284395198522,0.47901217325649936,0.05460255340989286,0.4375715604801478
6,graphsage,all165,prevalence,2.0x,2.0,False,16670.0,2166.0,0.6081699417299437,0.6062073367994694,0.5613134810710988,0.5828598937047257,0.05446566464423607,0.43868651892890126
6,graphsage,all165,prevalence,4.0x,4.0,False,16670.0,4332.0,0.7445295054379152,0.7838198615819505,0.5616643582640813,0.6543765288779764,0.05439860593289026,0.43833564173591877
7,graphsage,all165,temporal,35-42,,False,9983.0,914.0,0.5762458289743853,0.49217391304347824,0.6192560175054704,0.5484496124031008,0.06439519241371706,0.38074398249452956
7,graphsage,all165,temporal,43-49,,False,6687.0,169.0,0.03420298024805482,0.012295081967213115,0.01775147928994083,0.014527845036319612,0.03697453206505063,0.9822485207100592
7,graphsage,all165,activity,original,0.34889022195560887,False,16670.0,1083.0,0.42611558156814133,0.4081779053084649,0.5253924284395198,0.4594267258780783,0.0529287226534933,0.47460757156048017
7,graphsage,all165,activity,0.25,0.25,False,16670.0,1083.0,0.42370970028375315,0.39497922655674,0.5391551246537396,0.4558910718677276,0.05740937961121448,0.46084487534626034
7,graphsage,all165,activity,0.50,0.5,False,16670.0,1083.0,0.3793911151641949,0.3945783010601312,0.436449676823638,0.4144028465358969,0.046546801822031185,0.563550323176362
7,graphsage,all165,activity,0.75,0.75,False,16670.0,1083.0,0.3399347177935036,0.39909639799266244,0.33941366574330567,0.36676750320493523,0.03551902226214152,0.6605863342566944
7,graphsage,all165,prevalence,0.5x,0.5,False,16670.0,542.0,0.29952608439824707,0.2508893715095762,0.5264391143911439,0.3397678684623505,0.05284753224206349,0.4735608856088561
7,graphsage,all165,prevalence,1.0x,1.0,False,16670.0,1083.0,0.42534898641397434,0.407544786180769,0.5249353647276085,0.45878724124320724,0.0530387502405851,0.4750646352723915
7,graphsage,all165,prevalence,2.0x,2.0,False,16670.0,2166.0,0.5706447028439939,0.5983533085907333,0.526230378578024,0.5599286537456571,0.05276992553778268,0.47376962142197604
7,graphsage,all165,prevalence,4.0x,4.0,False,16670.0,4332.0,0.7189075738879669,0.7767944355992029,0.5257779316712835,0.6270693421271618,0.05305114281082833,0.4742220683287165
8,graphsage,all165,temporal,35-42,,False,9983.0,914.0,0.49369030034840744,0.4975609756097561,0.5579868708971554,0.5260443527591542,0.05678685632374021,0.4420131291028446
8,graphsage,all165,temporal,43-49,,False,6687.0,169.0,0.034941022547841746,0.02142857142857143,0.01775147928994083,0.01941747572815534,0.02101871739797484,0.9822485207100592
8,graphsage,all165,activity,original,0.34889022195560887,False,16670.0,1083.0,0.37798512230845766,0.44034334763948496,0.47368421052631576,0.45640569395017794,0.0418297299031244,0.5263157894736842
8,graphsage,all165,activity,0.25,0.25,False,16670.0,1083.0,0.3699555678399423,0.4217317374651728,0.48411819021237307,0.45069870083601216,0.046137165586706864,0.515881809787627
8,graphsage,all165,activity,0.50,0.5,False,16670.0,1083.0,0.3509431400720022,0.4379262365406734,0.3983102493074792,0.41710519780051136,0.035533457368319754,0.6016897506925207
8,graphsage,all165,activity,0.75,0.75,False,16670.0,1083.0,0.33112498031978643,0.4680843591741949,0.3128624192059095,0.37493447815378034,0.024710014755886314,0.6871375807940905
8,graphsage,all165,prevalence,0.5x,0.5,False,16670.0,542.0,0.2501269923169966,0.2751115520397476,0.4722324723247233,0.34760291789031655,0.04183128720238095,0.5277675276752768
8,graphsage,all165,prevalence,1.0x,1.0,False,16670.0,1083.0,0.3765101573328147,0.43919718213571685,0.47200369344413673,0.4549299858488848,0.04189260281003401,0.5279963065558633
8,graphsage,all165,prevalence,2.0x,2.0,False,16670.0,2166.0,0.531848259024475,0.6299187566487201,0.47431440443213296,0.541096558897162,0.041627137341423065,0.525685595567867
8,graphsage,all165,prevalence,4.0x,4.0,False,16670.0,4332.0,0.6934228618058107,0.7988798980153146,0.47345106186518926,0.5945130686575959,0.04185889123034528,0.5265489381348106
9,graphsage,all165,temporal,35-42,,False,9983.0,914.0,0.5281866611422966,0.5133843212237094,0.587527352297593,0.5479591836734694,0.05612526188113353,0.412472647702407
9,graphsage,all165,temporal,43-49,,False,6687.0,169.0,0.03252469454226392,0.01875,0.01775147928994083,0.018237082066869303,0.024087143295489413,0.9822485207100592
9,graphsage,all165,activity,original,0.34889022195560887,False,16670.0,1083.0,0.39238528587681565,0.44776119402985076,0.4986149584487535,0.47182175622542594,0.04272791428754732,0.5013850415512465
9,graphsage,all165,activity,0.25,0.25,False,16670.0,1083.0,0.39225751952041565,0.43625679245409754,0.5141043397968605,0.47193433699253584,0.04617277218194649,0.48589566020313946
9,graphsage,all165,activity,0.50,0.5,False,16670.0,1083.0,0.35175854570268755,0.43162671421997234,0.41359187442289935,0.4223300030608303,0.03786135882466158,0.5864081255771006
9,graphsage,all165,activity,0.75,0.75,False,16670.0,1083.0,0.3138582151236273,0.4301964312971531,0.3170498614958449,0.36496469434474316,0.029195162635529605,0.6829501385041552
9,graphsage,all165,prevalence,0.5x,0.5,False,16670.0,542.0,0.2609086470700642,0.2817883698738068,0.49630073800738006,0.359403517613158,0.0425297619047619,0.5036992619926199
9,graphsage,all165,prevalence,1.0x,1.0,False,16670.0,1083.0,0.39303457628581995,0.4472699855676886,0.4987950138504155,0.4715576256999391,0.04284499903765959,0.5012049861495845
9,graphsage,all165,prevalence,2.0x,2.0,False,16670.0,2166.0,0.5460281110979298,0.6342262703230754,0.49857802400738693,0.5582308091094977,0.04294849696635411,0.5014219759926131
9,graphsage,all165,prevalence,4.0x,4.0,False,16670.0,4332.0,0.7050282948459088,0.8026167881066715,0.49894621421976,0.61532532786612,0.043088831253039396,0.5010537857802401
0,xgboost,all165,temporal,35-42,,False,9983.0,914.0,0.9083507327694657,0.8776896942242356,0.8479212253829321,0.8625486922648858,0.011908699966920278,0.15207877461706784
0,xgboost,all165,temporal,43-49,,False,6687.0,169.0,0.041139497832818735,0.041666666666666664,0.029585798816568046,0.03460207612456747,0.017643448910708806,0.9704142011834319
0,xgboost,all165,activity,original,0.34889022195560887,False,16670.0,1083.0,0.7849596599595418,0.7776669990029911,0.7202216066481995,0.74784276126558,0.014306794123307884,0.27977839335180055
0,xgboost,all165,activity,0.25,0.25,False,16670.0,1083.0,0.7999142934404853,0.7966809525612981,0.7369482917820868,0.7655849589729103,0.01307884775774684,0.26305170821791324
0,xgboost,all165,activity,0.50,0.5,False,16670.0,1083.0,0.6913228362008836,0.7261517215024085,0.6096722068328716,0.6627490010466255,0.01599121062423815,0.39032779316712835
0,xgboost,all165,activity,0.75,0.75,False,16670.0,1083.0,0.5754169763499276,0.6389296803173954,0.4809279778393352,0.5486981608400285,0.01889747866812087,0.5190720221606648
0,xgboost,all165,prevalence,0.5x,0.5,False,16670.0,542.0,0.7492998228864495,0.6263111015715969,0.7191697416974169,0.6694011534851722,0.01443421378968254,0.280830258302583
0,xgboost,all165,prevalence,1.0x,1.0,False,16670.0,1083.0,0.7842974624730266,0.7769904334439326,0.7193028624192058,0.7469549900996394,0.014353307243215499,0.28069713758079406
0,xgboost,all165,prevalence,2.0x,2.0,False,16670.0,2166.0,0.8280576583415268,0.882231344479391,0.7194759926131117,0.7925468927404365,0.014347766133480419,0.28052400738688826
0,xgboost,all165,prevalence,4.0x,4.0,False,16670.0,4332.0,0.8825942297720385,0.9466180544851238,0.7207802400738689,0.8183859298009191,0.014273788296320311,0.27921975992613113
1,xgboost,all165,temporal,35-42,,False,9983.0,914.0,0.9071462209417895,0.9245508982035928,0.8446389496717724,0.8827901658090337,0.006946741647370162,0.15536105032822758
1,xgboost,all165,temporal,43-49,,False,6687.0,169.0,0.03507720390410364,0.05555555555555555,0.03550295857988166,0.043321299638989175,0.01564897207732433,0.9644970414201184
1,xgboost,all165,activity,original,0.34889022195560887,False,16670.0,1083.0,0.7767961413081843,0.8250265111346765,0.7183748845798708,0.7680157946692991,0.01058574453069866,0.28162511542012925
1,xgboost,all165,activity,0.25,0.25,False,16670.0,1083.0,0.7925291446588447,0.8438982241185152,0.7363250230840259,0.7863910528238273,0.00947167511387695,0.26367497691597414
1,xgboost,all165,activity,0.50,0.5,False,16670.0,1083.0,0.6808380669537073,0.7778117183821471,0.6071052631578947,0.6818467027217442,0.012061653942387887,0.3928947368421053
1,xgboost,all165,activity,0.75,0.75,False,16670.0,1083.0,0.5649620737857555,0.6936649962846911,0.47943674976915973,0.5668862538738653,0.014724129081927249,0.5205632502308403
1,xgboost,all165,prevalence,0.5x,0.5,False,16670.0,542.0,0.7398579975400223,0.6932136789798973,0.7184040590405903,0.7054524444945929,0.010695684523809526,0.28159594095940954
1,xgboost,all165,prevalence,1.0x,1.0,False,16670.0,1083.0,0.7764387935696369,0.8249665528779636,0.718056325023084,0.7677214082337644,0.010594405594405595,0.28194367497691597
1,xgboost,all165,prevalence,2.0x,2.0,False,16670.0,2166.0,0.8198102644301477,0.9098890744989191,0.7176754385964912,0.8023976444474771,0.010616726420297849,0.28232456140350876
1,xgboost,all165,prevalence,4.0x,4.0,False,16670.0,4332.0,0.872822075536318,0.9597386851936665,0.7179789935364727,0.8214223014311152,0.010577889447236182,0.28202100646352724
2,xgboost,all165,temporal,35-42,,False,9983.0,914.0,0.9067307202724282,0.894431554524362,0.8435448577680525,0.8682432432432432,0.010034182379534679,0.15645514223194748
2,xgboost,all165,temporal,43-49,,False,6687.0,169.0,0.040576399465562484,0.05660377358490566,0.03550295857988166,0.04363636363636364,0.015342129487572876,0.9644970414201184
2,xgboost,all165,activity,original,0.34889022195560887,False,16670.0,1083.0,0.7804060102270741,0.8026859504132231,0.7174515235457064,0.7576791808873721,0.012253801244626933,0.28254847645429365
2,xgboost,all165,activity,0.25,0.25,False,16670.0,1083.0,0.7955870954479676,0.8213332341130898,0.7330424746075715,0.7746178238022514,0.011090010906524667,0.26695752539242845
2,xgboost,all165,activity,0.50,0.5,False,16670.0,1083.0,0.6854930132665781,0.7520002994653237,0.6078901200369344,0.672221934144974,0.01394110476679284,0.39210987996306557
2,xgboost,all165,activity,0.75,0.75,False,16670.0,1083.0,0.5672072087377702,0.6715741962023227,0.48121421975992607,0.560570886526179,0.01636491948418554,0.5187857802400739
2,xgboost,all165,prevalence,0.5x,0.5,False,16670.0,542.0,0.7421293977483444,0.6605060618305164,0.7157656826568265,0.6868646035284754,0.012379402281746032,0.28423431734317345
2,xgboost,all165,prevalence,1.0x,1.0,False,16670.0,1083.0,0.7806909203492155,0.8021336301045349,0.7172253000923361,0.7572291363875442,0.012300314364534548,0.2827746999076639
2,xgboost,all165,prevalence,2.0x,2.0,False,16670.0,2166.0,0.825150568588837,0.8973683463677175,0.7169506001846722,0.7970301811730235,0.012252482073910644,0.2830493998153278
2,xgboost,all165,prevalence,4.0x,4.0,False,16670.0,4332.0,0.8795372416747143,0.9536022135481825,0.7176996768236381,0.8189824311281487,0.012263738045064032,0.28230032317636194
3,xgboost,all165,temporal,35-42,,False,9983.0,914.0,0.9082978078715912,0.920863309352518,0.8402625820568927,0.8787185354691075,0.007277538868673503,0.15973741794310722
3,xgboost,all165,temporal,43-49,,False,6687.0,169.0,0.0400244611734843,0.057692307692307696,0.03550295857988166,0.04395604395604396,0.015035286897821418,0.9644970414201184
3,xgboost,all165,activity,original,0.34889022195560887,False,16670.0,1083.0,0.7824063373396004,0.8251599147121536,0.7146814404432132,0.7659574468085105,0.010521588503239879,0.2853185595567867
3,xgboost,all165,activity,0.25,0.25,False,16670.0,1083.0,0.7976857966972191,0.8424700330209308,0.7309002770083102,0.7826631957118778,0.009505998588567398,0.2690997229916897
3,xgboost,all165,activity,0.50,0.5,False,16670.0,1083.0,0.6879369499807738,0.7792069428473749,0.6046537396121883,0.680840453600757,0.011912491178546225,0.39534626038781157
3,xgboost,all165,activity,0.75,0.75,False,16670.0,1083.0,0.56996797523794,0.6961123770920381,0.47733610341643584,0.5662416340703971,0.014490921922114583,0.5226638965835642
3,xgboost,all165,prevalence,0.5x,0.5,False,16670.0,542.0,0.7460374103469449,0.6964443976907947,0.7136254612546125,0.7047780142143855,0.010466269841269842,0.28637453874538743
3,xgboost,all165,prevalence,1.0x,1.0,False,16670.0,1083.0,0.7822162723667968,0.8261321116489228,0.7142659279778394,0.766047181116276,0.010454224674408161,0.28573407202216067
3,xgboost,all165,prevalence,2.0x,2.0,False,16670.0,2166.0,0.8269044861813544,0.9105372418537145,0.7145798707294553,0.8006993248165418,0.010490554329840043,0.2854201292705448
3,xgboost,all165,prevalence,4.0x,4.0,False,16670.0,4332.0,0.880903594786418,0.9601126661175913,0.7139566020313944,0.8189183458854998,0.010416599124655536,0.28604339796860573
4,xgboost,all165,temporal,35-42,,False,9983.0,914.0,0.90566021593302,0.9397741530740276,0.8194748358862144,0.8755113968439507,0.005292755540853457,0.18052516411378555
4,xgboost,all165,temporal,43-49,,False,6687.0,169.0,0.0424518109837769,0.046153846153846156,0.01775147928994083,0.02564102564102564,0.009512120282295183,0.9822485207100592
4,xgboost,all165,activity,original,0.34889022195560887,False,16670.0,1083.0,0.7755720940963813,0.8723897911832946,0.6943674976915974,0.7732647814910026,0.007057163020465773,0.3056325023084026
4,xgboost,all165,activity,0.25,0.25,False,16670.0,1083.0,0.7908533616532738,0.8907727641288844,0.7099353647276083,0.7900715340283189,0.00605472509142234,0.2900646352723915
4,xgboost,all165,activity,0.50,0.5,False,16670.0,1083.0,0.6822525569725022,0.8298414122411489,0.58601108033241,0.686851311771173,0.00835536023609418,0.41398891966759005
4,xgboost,all165,activity,0.75,0.75,False,16670.0,1083.0,0.5662243885444589,0.7512546600988042,0.46126500461680514,0.5714938206946727,0.010617180984153462,0.5387349953831948
4,xgboost,all165,prevalence,0.5x,0.5,False,16670.0,542.0,0.7324755481400524,0.7680888494497563,0.694870848708487,0.7294862565738935,0.007063492063492064,0.3051291512915129
4,xgboost,all165,prevalence,1.0x,1.0,False,16670.0,1083.0,0.7746212643586926,0.8722026367330045,0.6925530932594645,0.7719724261794295,0.007057163020465773,0.3074469067405356
4,xgboost,all165,prevalence,2.0x,2.0,False,16670.0,2166.0,0.8260944438527252,0.9367043174261654,0.6954270544783011,0.7981932227223956,0.007020132377275235,0.304572945521699
4,xgboost,all165,prevalence,4.0x,4.0,False,16670.0,4332.0,0.8828531746051198,0.9718900440097238,0.694918051708218,0.8103673548136541,0.00705827524720376,0.3050819482917821
5,xgboost,all165,temporal,35-42,,False,9983.0,914.0,0.9071692187920934,0.8614190687361419,0.850109409190372,0.8557268722466962,0.013783217554305878,0.14989059080962802
5,xgboost,all165,temporal,43-49,,False,6687.0,169.0,0.0436344228860829,0.04964539007092199,0.04142011834319527,0.04516129032258064,0.020558453513347653,0.9585798816568047
5,xgboost,all165,activity,original,0.34889022195560887,False,16670.0,1083.0,0.7842015160350748,0.7516778523489933,0.7239150507848569,0.7375352775164629,0.016616411111823957,0.2760849492151431
5,xgboost,all165,activity,0.25,0.25,False,16670.0,1083.0,0.8000867058340404,0.7689825517627159,0.7410941828254848,0.7547224740158217,0.015481490986078143,0.2589058171745153
5,xgboost,all165,activity,0.50,0.5,False,16670.0,1083.0,0.6876449650510514,0.7022576767742139,0.6132179132040627,0.6546375584812129,0.018078206197472253,0.3867820867959372
5,xgboost,all165,activity,0.75,0.75,False,16670.0,1083.0,0.5694297203409192,0.6159499588932456,0.4863573407202216,0.5434253065418723,0.021083274523641497,0.5136426592797784
5,xgboost,all165,prevalence,0.5x,0.5,False,16670.0,542.0,0.7489759697481699,0.5940995851512815,0.7263007380073802,0.6534424079012134,0.016691778273809525,0.2736992619926199
5,xgboost,all165,prevalence,1.0x,1.0,False,16670.0,1083.0,0.7843233850578304,0.7523404950060404,0.7237349953831947,0.7376713927602697,0.016564765509719637,0.27626500461680514
5,xgboost,all165,prevalence,2.0x,2.0,False,16670.0,2166.0,0.8295961350393156,0.8671743639933556,0.7245498614958449,0.7894335247911082,0.016580598455598453,0.2754501385041551
5,xgboost,all165,prevalence,4.0x,4.0,False,16670.0,4332.0,0.8832179996666187,0.9382968568220076,0.7243178670360111,0.8175221183591926,0.0167263738045064,0.2756821329639889
6,xgboost,all165,temporal,35-42,,False,9983.0,914.0,0.9073287496048311,0.9123222748815166,0.8424507658643327,0.8759954493742891,0.00815966479214908,0.1575492341356674
6,xgboost,all165,temporal,43-49,,False,6687.0,169.0,0.04653061912925201,0.04132231404958678,0.029585798816568046,0.034482758620689655,0.017796870205584535,0.9704142011834319
6,xgboost,all165,activity,original,0.34889022195560887,False,16670.0,1083.0,0.78230253084249,0.8031088082901554,0.7156048014773777,0.7568359375,0.012189645217168152,0.28439519852262235
6,xgboost,all165,activity,0.25,0.25,False,16670.0,1083.0,0.7975353647111288,0.8243706318183347,0.7312834718374884,0.7749730787696149,0.010836273817925195,0.2687165281625115
6,xgboost,all165,activity,0.50,0.5,False,16670.0,1083.0,0.6886504553154293,0.748610034979061,0.607488457987073,0.6706221360324556,0.014185218451273495,0.39251154201292704
6,xgboost,all165,activity,0.75,0.75,False,16670.0,1083.0,0.5697566849563556,0.6544626720147538,0.4794182825484765,0.5533163253560942,0.017601206133316224,0.5205817174515235
6,xgboost,all165,prevalence,0.5x,0.5,False,16670.0,542.0,0.7428295480494517,0.6647136515123581,0.7168173431734317,0.6896236961410349,0.012164868551587302,0.2831826568265683
6,xgboost,all165,prevalence,1.0x,1.0,False,16670.0,1083.0,0.7832239491601058,0.8035167107400544,0.7164958448753462,0.7574390254930453,0.012181625713735806,0.28350415512465377
6,xgboost,all165,prevalence,2.0x,2.0,False,16670.0,2166.0,0.829721449353307,0.8973157982677665,0.7152216066481994,0.7959449976264351,0.01222904026475455,0.28477839335180055
6,xgboost,all165,prevalence,4.0x,4.0,False,16670.0,4332.0,0.8853771558007207,0.9532608679677271,0.7152458448753464,0.8172545779050432,0.012316015561679366,0.28475415512465374
7,xgboost,all165,temporal,35-42,,False,9983.0,914.0,0.9086137511070066,0.9361963190184049,0.8347921225382933,0.8825910931174089,0.0057338185025912446,0.1652078774617068
7,xgboost,all165,temporal,43-49,,False,6687.0,169.0,0.04111855310269005,0.06329113924050633,0.029585798816568046,0.04032258064516129,0.011353175820803928,0.9704142011834319
7,xgboost,all165,activity,original,0.34889022195560887,False,16670.0,1083.0,0.7817097872414039,0.8590604026845637,0.7091412742382271,0.7769347496206372,0.008083659459806249,0.29085872576177285
7,xgboost,all165,activity,0.25,0.25,False,16670.0,1083.0,0.7968694016961224,0.8741766108010196,0.7256001846722069,0.7929326426179408,0.007263424648745749,0.2743998153277931
7,xgboost,all165,activity,0.50,0.5,False,16670.0,1083.0,0.6861378102004665,0.8177471078981858,0.5957987072945521,0.6892594490844607,0.009235901712965932,0.40420129270544775
7,xgboost,all165,activity,0.75,0.75,False,16670.0,1083.0,0.56791490419634,0.7437223536116623,0.46560480147737765,0.5725735845242349,0.011155770834669915,0.5343951985226224
7,xgboost,all165,prevalence,0.5x,0.5,False,16670.0,542.0,0.7464793791008841,0.7484855185866637,0.7100461254612546,0.7285758695358566,0.008029823908730159,0.2899538745387453
7,xgboost,all165,prevalence,1.0x,1.0,False,16670.0,1083.0,0.7820954573644815,0.8588523036211462,0.7092428439519852,0.776822831809544,0.008105793289279527,0.29075715604801483
7,xgboost,all165,prevalence,2.0x,2.0,False,16670.0,2166.0,0.8264022160521026,0.9292820435368988,0.70946675900277,0.8045896900938349,0.008065706012134584,0.29053324099722994
7,xgboost,all165,prevalence,4.0x,4.0,False,16670.0,4332.0,0.8804841651918787,0.9682468719139158,0.7086161126500461,0.8183157150720555,0.00816056086886043,0.29138388734995385
8,xgboost,all165,temporal,35-42,,False,9983.0,914.0,0.9112092558551258,0.9345454545454546,0.8435448577680525,0.8867165037377803,0.005954349983460139,0.15645514223194748
8,xgboost,all165,temporal,43-49,,False,6687.0,169.0,0.03916566255812434,0.03614457831325301,0.01775147928994083,0.02380952380952381,0.0122737035900583,0.9822485207100592
8,xgboost,all165,activity,original,0.34889022195560887,False,16670.0,1083.0,0.7829220005888516,0.8524229074889867,0.7146814404432132,0.777498744349573,0.008596907679476486,0.2853185595567867
8,xgboost,all165,activity,0.25,0.25,False,16670.0,1083.0,0.7988410966956994,0.8656578208947578,0.7322853185595568,0.7933503576179847,0.007903701802784373,0.2677146814404432
8,xgboost,all165,activity,0.50,0.5,False,16670.0,1083.0,0.6889450032437682,0.8123927095951922,0.6042566943674977,0.6929522272030018,0.009705203053826907,0.39574330563250226
8,xgboost,all165,activity,0.75,0.75,False,16670.0,1083.0,0.5713103262672914,0.7448882821676963,0.4748522622345337,0.5798901310810904,0.011310386860845576,0.5251477377654663
8,xgboost,all165,prevalence,0.5x,0.5,False,16670.0,542.0,0.7464260642431221,0.7363079698343475,0.7153690036900369,0.7255161843711284,0.008620721726190474,0.28463099630996314
8,xgboost,all165,prevalence,1.0x,1.0,False,16670.0,1083.0,0.7833939448092189,0.8520162328505014,0.7152585410895661,0.7775856153772189,0.008639571437736575,0.284741458910434
8,xgboost,all165,prevalence,2.0x,2.0,False,16670.0,2166.0,0.8270451322100791,0.9258748663505769,0.7138180978762696,0.8060914018666083,0.008537989520132377,0.28618190212373035
8,xgboost,all165,prevalence,4.0x,4.0,False,16670.0,4332.0,0.8810622732466016,0.9670467203148145,0.7144194367497692,0.8217368644406821,0.008549602852974549,0.28558056325023085
9,xgboost,all165,temporal,35-42,,False,9983.0,914.0,0.9085315621934691,0.9463840399002493,0.8304157549234136,0.8846153846153846,0.004741426838681222,0.16958424507658643
9,xgboost,all165,temporal,43-49,,False,6687.0,169.0,0.04424995393663178,0.06557377049180328,0.023668639053254437,0.034782608695652174,0.008745013807916539,0.9763313609467456
9,xgboost,all165,activity,original,0.34889022195560887,False,16670.0,1083.0,0.7827613821269032,0.884125144843569,0.7045244690674054,0.7841726618705037,0.006415602745877975,0.29547553093259465
9,xgboost,all165,activity,0.25,0.25,False,16670.0,1083.0,0.7978987217236153,0.8960286908281873,0.7211218836565096,0.7990593145327981,0.005818951690511323,0.2788781163434903
9,xgboost,all165,activity,0.50,0.5,False,16670.0,1083.0,0.6889952987599662,0.8504793643515228,0.5956555863342567,0.7005320211874836,0.007283313017257971,0.40434441366574325
9,xgboost,all165,activity,0.75,0.75,False,16670.0,1083.0,0.573622328870652,0.7868474117037476,0.47082640812557713,0.5890270684451505,0.00887117469686277,0.5291735918744229
9,xgboost,all165,prevalence,0.5x,0.5,False,16670.0,542.0,0.7418666567075504,0.786580583445677,0.7034132841328413,0.7425095314435066,0.0064223710317460325,0.2965867158671587
9,xgboost,all165,prevalence,1.0x,1.0,False,16670.0,1083.0,0.7813510240843522,0.8824859803802722,0.7023868882733149,0.782113118210434,0.006505100404182973,0.29761311172668514
9,xgboost,all165,prevalence,2.0x,2.0,False,16670.0,2166.0,0.8287295324824054,0.9426050738425817,0.7050369344413666,0.8066523237284611,0.0064130584666298954,0.29496306555863344
9,xgboost,all165,prevalence,4.0x,4.0,False,16670.0,4332.0,0.8826501379151475,0.9743668223133249,0.7047149122807018,0.8178737635166614,0.006511184957043281,0.29528508771929823
